kota,bahanpokok,tahun,bulan,stok,Unnamed: 5,Unnamed: 6,Unnamed: 7,Unnamed: 8,Unnamed: 9,Unnamed: 10,Unnamed: 11,Unnamed: 12,Unnamed: 13,Unnamed: 14,Unnamed: 15
kab_banjarnegara,beras,2024,10,51000.0,,,,,,,,,,,
kab_banjarnegara,jagung,2024,10,1010.0,,,,,,,,,,,
kab_banjarnegara,kedelai,2024,10,8000.0,,,,,,,,,,,
kab_banjarnegara,bawangmerah,2024,10,500.0,,,,,,,,,,,
kab_banjarnegara,bawangputih,2024,10,500.0,,,,,,,,,,,
kab_banjarnegara,cabaibesar,2024,10,,,,,,,,,,,,
kab_banjarnegara,cabairawit,2024,10,,,,,,,,,,,,
kab_banjarnegara,dagingsapi,2024,10,1480.0,,,,,,,,,,,
kab_banjarnegara,dagingayamras,2024,10,1070.0,,,,,,,,,,,
kab_banjarnegara,telur,2024,10,805.614035087719,,,,,,,,,,,
kab_banjarnegara,gulapasir,2024,10,5000.0,,,,,,,,,,,
kab_banjarnegara,minyakgoreng,2024,10,2720.0,,,,,,,,,,,
kab_banyumas,beras,2024,10,41351.4875239923,,,,,,,,,,,
kab_banyumas,jagung,2024,10,3000.0,,,,,,,,,,,
kab_banyumas,kedelai,2024,10,1250.0,,,,,,,,,,,
kab_banyumas,bawangmerah,2024,10,2078.76923076923,,,,,,,,,,,
kab_banyumas,bawangputih,2024,10,5400.6941410129,,,,,,,,,,,
kab_banyumas,cabaibesar,2024,10,1352.4,,,,,,,,,,,
kab_banyumas,cabairawit,2024,10,1835.625,,,,,,,,,,,
kab_banyumas,dagingsapi,2024,10,141.714285714285,,,,,,,,,,,
kab_banyumas,dagingayamras,2024,10,49703.1629392971,,,,,,,,,,,
kab_banyumas,telur,2024,10,14989.7229219143,,,,,,,,,,,
kab_banyumas,gulapasir,2024,10,18224.0034256351,,,,,,,,,,,
kab_banyumas,minyakgoreng,2024,10,1595.51491166077,,,,,,,,,,,
kab_batang,beras,2024,10,10726.1904761904,,,,,,,,,,,
kab_batang,jagung,2024,10,2844.03409090909,,,,,,,,,,,
kab_batang,kedelai,2024,10,40514.5894607843,,,,,,,,,,,
kab_batang,bawangmerah,2024,10,162.0,,,,,,,,,,,
kab_batang,bawangputih,2024,10,708.959999999999,,,,,,,,,,,
kab_batang,cabaibesar,2024,10,110.833333333333,,,,,,,,,,,
kab_batang,cabairawit,2024,10,195.0,,,,,,,,,,,
kab_batang,dagingsapi,2024,10,79.108280254777,,,,,,,,,,,
kab_batang,dagingayamras,2024,10,110.588235294117,,,,,,,,,,,
kab_batang,telur,2024,10,2692.96103896103,,,,,,,,,,,
kab_batang,gulapasir,2024,10,1397.64705882352,,,,,,,,,,,
kab_batang,minyakgoreng,2024,10,9516.04803493449,,,,,,,,,,,
kab_blora,beras,2024,10,1116965.97030809,,,,,,,,,,,
kab_blora,jagung,2024,10,3742378.84262477,,,,,,,,,,,
kab_blora,kedelai,2024,10,13777.1773906861,,,,,,,,,,,
kab_blora,bawangmerah,2024,10,8.032,,,,,,,,,,,
kab_blora,bawangputih,2024,10,0.0,,,,,,,,,,,
kab_blora,cabaibesar,2024,10,93.6752136752136,,,,,,,,,,,
kab_blora,cabairawit,2024,10,0.0,,,,,,,,,,,
kab_blora,dagingsapi,2024,10,16598.2419215055,,,,,,,,,,,
kab_blora,dagingayamras,2024,10,0.0,,,,,,,,,,,
kab_blora,telur,2024,10,19728.9112804128,,,,,,,,,,,
kab_blora,gulapasir,2024,10,15576.9054780313,,,,,,,,,,,
kab_blora,minyakgoreng,2024,10,107088.683587989,,,,,,,,,,,
kab_boyolali,beras,2024,10,36361.1111111111,,,,,,,,,,,
kab_boyolali,jagung,2024,10,15000.0,,,,,,,,,,,
kab_boyolali,kedelai,2024,10,10697.3642384105,,,,,,,,,,,
kab_boyolali,bawangmerah,2024,10,895.442708333333,,,,,,,,,,,
kab_boyolali,bawangputih,2024,10,259.999999999999,,,,,,,,,,,
kab_boyolali,cabaibesar,2024,10,586.024096385542,,,,,,,,,,,
kab_boyolali,cabairawit,2024,10,3130.41810344827,,,,,,,,,,,
kab_boyolali,dagingsapi,2024,10,2867.8125,,,,,,,,,,,
kab_boyolali,dagingayamras,2024,10,351862.684236938,,,,,,,,,,,
kab_boyolali,telur,2024,10,4391.34108527131,,,,,,,,,,,
kab_boyolali,gulapasir,2024,10,791.540923639689,,,,,,,,,,,
kab_boyolali,minyakgoreng,2024,10,6527.79927193301,,,,,,,,,,,
kab_brebes,beras,2024,10,47749.6153846153,,,,,,,,,,,
kab_brebes,jagung,2024,10,60607.4149659864,,,,,,,,,,,
kab_brebes,kedelai,2024,10,4600.0,,,,,,,,,,,
kab_brebes,bawangmerah,2024,10,51987.6200317965,,,,,,,,,,,
kab_brebes,bawangputih,2024,10,1498.95833333333,,,,,,,,,,,
kab_brebes,cabaibesar,2024,10,713.766666666666,,,,,,,,,,,
kab_brebes,cabairawit,2024,10,587.277777777777,,,,,,,,,,,
kab_brebes,dagingsapi,2024,10,546.891891891891,,,,,,,,,,,
kab_brebes,dagingayamras,2024,10,2556.0,,,,,,,,,,,
kab_brebes,telur,2024,10,2532.22222222222,,,,,,,,,,,
kab_brebes,gulapasir,2024,10,705.0,,,,,,,,,,,
kab_brebes,minyakgoreng,2024,10,1475.86,,,,,,,,,,,
kab_cilacap,beras,2024,10,505485.595390525,,,,,,,,,,,
kab_cilacap,jagung,2024,10,0.0,,,,,,,,,,,
kab_cilacap,kedelai,2024,10,10140.2536231884,,,,,,,,,,,
kab_cilacap,bawangmerah,2024,10,851.304705882353,,,,,,,,,,,
kab_cilacap,bawangputih,2024,10,10354.8092071611,,,,,,,,,,,
kab_cilacap,cabaibesar,2024,10,148.516666666666,,,,,,,,,,,
kab_cilacap,cabairawit,2024,10,148.618421052631,,,,,,,,,,,
kab_cilacap,dagingsapi,2024,10,535.0,,,,,,,,,,,
kab_cilacap,dagingayamras,2024,10,970.0,,,,,,,,,,,
kab_cilacap,telur,2024,10,607.384615384615,,,,,,,,,,,
kab_cilacap,gulapasir,2024,10,2637.30434782608,,,,,,,,,,,
kab_cilacap,minyakgoreng,2024,10,34520.1662433618,,,,,,,,,,,
kab_demak,beras,2024,10,1448711.94286568,,,,,,,,,,,
kab_demak,jagung,2024,10,64542.2950819672,,,,,,,,,,,
kab_demak,kedelai,2024,10,0.0,,,,,,,,,,,
kab_demak,bawangmerah,2024,10,9690.625,,,,,,,,,,,
kab_demak,bawangputih,2024,10,2095.0,,,,,,,,,,,
kab_demak,cabaibesar,2024,10,14851.2857142857,,,,,,,,,,,
kab_demak,cabairawit,2024,10,,,,,,,,,,,,
kab_demak,dagingsapi,2024,10,0.0,,,,,,,,,,,
kab_demak,dagingayamras,2024,10,1819840.0,,,,,,,,,,,
kab_demak,telur,2024,10,9765.43209876543,,,,,,,,,,,
kab_demak,gulapasir,2024,10,9040.50314465408,,,,,,,,,,,
kab_demak,minyakgoreng,2024,10,31418.3431952662,,,,,,,,,,,
kab_grobogan,beras,2024,10,83663.9386563163,,,,,,,,,,,
kab_grobogan,jagung,2024,10,74275.0,,,,,,,,,,,
kab_grobogan,kedelai,2024,10,7443.10355403902,,,,,,,,,,,
kab_grobogan,bawangmerah,2024,10,8438.45040650406,,,,,,,,,,,
kab_grobogan,bawangputih,2024,10,2021.46153846153,,,,,,,,,,,
kab_grobogan,cabaibesar,2024,10,1833.21071428571,,,,,,,,,,,
kab_grobogan,cabairawit,2024,10,650.447244094488,,,,,,,,,,,
kab_grobogan,dagingsapi,2024,10,,,,,,,,,,,,
kab_grobogan,dagingayamras,2024,10,787.8,,,,,,,,,,,
kab_grobogan,telur,2024,10,806.693290734824,,,,,,,,,,,
kab_grobogan,gulapasir,2024,10,27842.4247179125,,,,,,,,,,,
kab_grobogan,minyakgoreng,2024,10,51444.2118755673,,,,,,,,,,,
kab_jepara,beras,2024,10,129656.453405994,,,,,,,,,,,
kab_jepara,jagung,2024,10,25128.0621118012,,,,,,,,,,,
kab_jepara,kedelai,2024,10,24370.3319502074,,,,,,,,,,,
kab_jepara,bawangmerah,2024,10,12.3880597014925,,,,,,,,,,,
kab_jepara,bawangputih,2024,10,12.2033898305084,,,,,,,,,,,
kab_jepara,cabaibesar,2024,10,5.77777777777777,,,,,,,,,,,
kab_jepara,cabairawit,2024,10,6.6,,,,,,,,,,,
kab_jepara,dagingsapi,2024,10,339.705882352941,,,,,,,,,,,
kab_jepara,dagingayamras,2024,10,574.75,,,,,,,,,,,
kab_jepara,telur,2024,10,4374.71910112359,,,,,,,,,,,
kab_jepara,gulapasir,2024,10,8944.91712707182,,,,,,,,,,,
kab_jepara,minyakgoreng,2024,10,9214.86923076923,,,,,,,,,,,
kab_karanganyar,beras,2024,10,31943.1313131313,,,,,,,,,,,
kab_karanganyar,jagung,2024,10,60009.9999999999,,,,,,,,,,,
kab_karanganyar,kedelai,2024,10,75010.0,,,,,,,,,,,
kab_karanganyar,bawangmerah,2024,10,326.174496644295,,,,,,,,,,,
kab_karanganyar,bawangputih,2024,10,745.3125,,,,,,,,,,,
kab_karanganyar,cabaibesar,2024,10,80.0,,,,,,,,,,,
kab_karanganyar,cabairawit,2024,10,95.0,,,,,,,,,,,
kab_karanganyar,dagingsapi,2024,10,50.0,,,,,,,,,,,
kab_karanganyar,dagingayamras,2024,10,500.0,,,,,,,,,,,
kab_karanganyar,telur,2024,10,26632.994011976,,,,,,,,,,,
kab_karanganyar,gulapasir,2024,10,1729.77011494252,,,,,,,,,,,
kab_karanganyar,minyakgoreng,2024,10,525.111111111111,,,,,,,,,,,
kab_kebumen,beras,2024,10,61155.9849613492,,,,,,,,,,,
kab_kebumen,jagung,2024,10,25550.8982035928,,,,,,,,,,,
kab_kebumen,kedelai,2024,10,28214.84375,,,,,,,,,,,
kab_kebumen,bawangmerah,2024,10,3449.33333333333,,,,,,,,,,,
kab_kebumen,bawangputih,2024,10,2490.89361702127,,,,,,,,,,,
kab_kebumen,cabaibesar,2024,10,203.65625,,,,,,,,,,,
kab_kebumen,cabairawit,2024,10,466.631578947368,,,,,,,,,,,
kab_kebumen,dagingsapi,2024,10,72.0,,,,,,,,,,,
kab_kebumen,dagingayamras,2024,10,254.999999999999,,,,,,,,,,,
kab_kebumen,telur,2024,10,5979.71351351351,,,,,,,,,,,
kab_kebumen,gulapasir,2024,10,18932.7582938388,,,,,,,,,,,
kab_kebumen,minyakgoreng,2024,10,95251.081628394,,,,,,,,,,,
kab_kendal,beras,2024,10,924775.559642733,,,,,,,,,,,
kab_kendal,jagung,2024,10,1300.0,,,,,,,,,,,
kab_kendal,kedelai,2024,10,4063.2,,,,,,,,,,,
kab_kendal,bawangmerah,2024,10,1140.0,,,,,,,,,,,
kab_kendal,bawangputih,2024,10,487.577777777777,,,,,,,,,,,
kab_kendal,cabaibesar,2024,10,106.166666666666,,,,,,,,,,,
kab_kendal,cabairawit,2024,10,557.381578947368,,,,,,,,,,,
kab_kendal,dagingsapi,2024,10,240.578231292517,,,,,,,,,,,
kab_kendal,dagingayamras,2024,10,100.833333333333,,,,,,,,,,,
kab_kendal,telur,2024,10,9677.26358148893,,,,,,,,,,,
kab_kendal,gulapasir,2024,10,617.5,,,,,,,,,,,
kab_kendal,minyakgoreng,2024,10,1546.11111111111,,,,,,,,,,,
kab_klaten,beras,2024,10,175616.58031088,,,,,,,,,,,
kab_klaten,jagung,2024,10,168136.363636363,,,,,,,,,,,
kab_klaten,kedelai,2024,10,69000.0,,,,,,,,,,,
kab_klaten,bawangmerah,2024,10,29600.0,,,,,,,,,,,
kab_klaten,bawangputih,2024,10,6000.0,,,,,,,,,,,
kab_klaten,cabaibesar,2024,10,0.0,,,,,,,,,,,
kab_klaten,cabairawit,2024,10,0.0,,,,,,,,,,,
kab_klaten,dagingsapi,2024,10,69.4509803921568,,,,,,,,,,,
kab_klaten,dagingayamras,2024,10,101.538461538461,,,,,,,,,,,
kab_klaten,telur,2024,10,176.93396226415,,,,,,,,,,,
kab_klaten,gulapasir,2024,10,170256.756756756,,,,,,,,,,,
kab_klaten,minyakgoreng,2024,10,286897.33140776,,,,,,,,,,,
kab_kudus,beras,2024,10,48068.5551948052,6000.0,,3672.0,,6553.06925675675,6338.42818428184,0.0,1837.33333333333,2326.07142857142,36000.0,25906.3492063492
kab_kudus,jagung,2024,10,6000.0,,,,,,,,,,,
kab_kudus,kedelai,2024,10,8013.33333333333,,,,,,,,,,,
kab_kudus,bawangmerah,2024,10,3672.0,,,,,,,,,,,
kab_kudus,bawangputih,2024,10,2206.15384615384,,,,,,,,,,,
kab_kudus,cabaibesar,2024,10,6553.06925675675,,,,,,,,,,,
kab_kudus,cabairawit,2024,10,6338.42818428184,,,,,,,,,,,
kab_kudus,dagingsapi,2024,10,0.0,,,,,,,,,,,
kab_kudus,dagingayamras,2024,10,1837.33333333333,,,,,,,,,,,
kab_kudus,telur,2024,10,2326.07142857142,,,,,,,,,,,
kab_kudus,gulapasir,2024,10,36000.0,,,,,,,,,,,
kab_kudus,minyakgoreng,2024,10,25906.3492063492,,,,,,,,,,,
kab_magelang,beras,2024,10,48068.5551948052,,,,,,,,,,,
kab_magelang,jagung,2024,10,6000.0,,,,,,,,,,,
kab_magelang,kedelai,2024,10,8013.33333333333,,,,,,,,,,,
kab_magelang,bawangmerah,2024,10,3672.0,,,,,,,,,,,
kab_magelang,bawangputih,2024,10,2206.15384615384,,,,,,,,,,,
kab_magelang,cabaibesar,2024,10,6553.06925675675,,,,,,,,,,,
kab_magelang,cabairawit,2024,10,6338.42818428184,,,,,,,,,,,
kab_magelang,dagingsapi,2024,10,0.0,,,,,,,,,,,
kab_magelang,dagingayamras,2024,10,1837.33333333333,,,,,,,,,,,
kab_magelang,telur,2024,10,2326.07142857142,,,,,,,,,,,
kab_magelang,gulapasir,2024,10,36000.0,,,,,,,,,,,
kab_magelang,minyakgoreng,2024,10,25906.3492063492,,,,,,,,,,,
kab_pati,beras,2024,10,69312.0314235835,,,,,,,,,,,
kab_pati,jagung,2024,10,204640.10585122,,,,,,,,,,,
kab_pati,kedelai,2024,10,68642.0277571919,,,,,,,,,,,
kab_pati,bawangmerah,2024,10,10288.1060889054,,,,,,,,,,,
kab_pati,bawangputih,2024,10,2975.98139534883,,,,,,,,,,,
kab_pati,cabaibesar,2024,10,1613.56073211314,,,,,,,,,,,
kab_pati,cabairawit,2024,10,1992.60666666666,,,,,,,,,,,
kab_pati,dagingsapi,2024,10,885.0,,,,,,,,,,,
kab_pati,dagingayamras,2024,10,3150.0,,,,,,,,,,,
kab_pati,telur,2024,10,2964.68817204301,,,,,,,,,,,
kab_pati,gulapasir,2024,10,156677.698778924,,,,,,,,,,,
kab_pati,minyakgoreng,2024,10,150101.90717969,,,,,,,,,,,
kab_pekalongan,beras,2024,10,262219.057750759,,,,,,,,,,,
kab_pekalongan,jagung,2024,10,550.0,,,,,,,,,,,
kab_pekalongan,kedelai,2024,10,91172.1428571428,,,,,,,,,,,
kab_pekalongan,bawangmerah,2024,10,3509.18385093167,,,,,,,,,,,
kab_pekalongan,bawangputih,2024,10,7930.71999999999,,,,,,,,,,,
kab_pekalongan,cabaibesar,2024,10,89.2124999999999,,,,,,,,,,,
kab_pekalongan,cabairawit,2024,10,847.449999999999,,,,,,,,,,,
kab_pekalongan,dagingsapi,2024,10,3030.46153846153,,,,,,,,,,,
kab_pekalongan,dagingayamras,2024,10,5638.91489361702,,,,,,,,,,,
kab_pekalongan,telur,2024,10,3339.60079840319,,,,,,,,,,,
kab_pekalongan,gulapasir,2024,10,62285.0299401197,,,,,,,,,,,
kab_pekalongan,minyakgoreng,2024,10,238384.635935352,,,,,,,,,,,
kab_pemalang,beras,2024,10,23183.75,,,,,,,,,,,
kab_pemalang,jagung,2024,10,141176.0,,,,,,,,,,,
kab_pemalang,kedelai,2024,10,9533.5294117647,,,,,,,,,,,
kab_pemalang,bawangmerah,2024,10,174.399999999999,,,,,,,,,,,
kab_pemalang,bawangputih,2024,10,1052.30677290836,,,,,,,,,,,
kab_pemalang,cabaibesar,2024,10,17975.7467532467,,,,,,,,,,,
kab_pemalang,cabairawit,2024,10,225.0,,,,,,,,,,,
kab_pemalang,dagingsapi,2024,10,,,,,,,,,,,,
kab_pemalang,dagingayamras,2024,10,,,,,,,,,,,,
kab_pemalang,telur,2024,10,6756.5460599334,,,,,,,,,,,
kab_pemalang,gulapasir,2024,10,97.9999999999999,,,,,,,,,,,
kab_pemalang,minyakgoreng,2024,10,277.5,,,,,,,,,,,
kab_purbalingga,beras,2024,10,546.780494505494,,,,,,,,,,,
kab_purbalingga,jagung,2024,10,0.0,,,,,,,,,,,
kab_purbalingga,kedelai,2024,10,803.023008595988,,,,,,,,,,,
kab_purbalingga,bawangmerah,2024,10,424.5,,,,,,,,,,,
kab_purbalingga,bawangputih,2024,10,501.6,,,,,,,,,,,
kab_purbalingga,cabaibesar,2024,10,2253.53571428571,,,,,,,,,,,
kab_purbalingga,cabairawit,2024,10,754.288461538461,,,,,,,,,,,
kab_purbalingga,dagingsapi,2024,10,1172.57142857142,,,,,,,,,,,
kab_purbalingga,dagingayamras,2024,10,2305.88235294117,,,,,,,,,,,
kab_purbalingga,telur,2024,10,258.227848101265,,,,,,,,,,,
kab_purbalingga,gulapasir,2024,10,933.24315938575,,,,,,,,,,,
kab_purbalingga,minyakgoreng,2024,10,496222.45173482,,,,,,,,,,,
kab_purworejo,beras,2024,10,87967.7288135593,,,,,,,,,,,
kab_purworejo,jagung,2024,10,2513.77777777777,,,,,,,,,,,
kab_purworejo,kedelai,2024,10,30010.0,,,,,,,,,,,
kab_purworejo,bawangmerah,2024,10,1629.89077669902,,,,,,,,,,,
kab_purworejo,bawangputih,2024,10,2975.55555555555,,,,,,,,,,,
kab_purworejo,cabaibesar,2024,10,57510.0,,,,,,,,,,,
kab_purworejo,cabairawit,2024,10,1646.71428571428,,,,,,,,,,,
kab_purworejo,dagingsapi,2024,10,0.0,,,,,,,,,,,
kab_purworejo,dagingayamras,2024,10,0.0,,,,,,,,,,,
kab_purworejo,telur,2024,10,6161.63736263736,,,,,,,,,,,
kab_purworejo,gulapasir,2024,10,2732.15323383084,,,,,,,,,,,
kab_purworejo,minyakgoreng,2024,10,28878.7885662431,,,,,,,,,,,
kab_rembang,beras,2024,10,422748.417912162,,,,,,,,,,,
kab_rembang,jagung,2024,10,42488.8825396825,,,,,,,,,,,
kab_rembang,kedelai,2024,10,19865.8571428571,,,,,,,,,,,
kab_rembang,bawangmerah,2024,10,539.9209486166,,,,,,,,,,,
kab_rembang,bawangputih,2024,10,1934.84581497797,,,,,,,,,,,
kab_rembang,cabaibesar,2024,10,979.351606805293,,,,,,,,,,,
kab_rembang,cabairawit,2024,10,1104.0,,,,,,,,,,,
kab_rembang,dagingsapi,2024,10,691.25,,,,,,,,,,,
kab_rembang,dagingayamras,2024,10,5430.30857142857,,,,,,,,,,,
kab_rembang,telur,2024,10,1162.45454545454,,,,,,,,,,,
kab_rembang,gulapasir,2024,10,79947.2367999687,,,,,,,,,,,
kab_rembang,minyakgoreng,2024,10,17392.6564323457,,,,,,,,,,,
kab_sragen,beras,2024,10,966003.556957042,,,,,,,,,,,
kab_sragen,jagung,2024,10,,,,,,,,,,,,
kab_sragen,kedelai,2024,10,227375.0,,,,,,,,,,,
kab_sragen,bawangmerah,2024,10,282.635294117647,,,,,,,,,,,
kab_sragen,bawangputih,2024,10,642.307692307692,,,,,,,,,,,
kab_sragen,cabaibesar,2024,10,0.0,,,,,,,,,,,
kab_sragen,cabairawit,2024,10,0.0,,,,,,,,,,,
kab_sragen,dagingsapi,2024,10,1950.0,,,,,,,,,,,
kab_sragen,dagingayamras,2024,10,1905.26315789473,,,,,,,,,,,
kab_sragen,telur,2024,10,1797.60368663594,,,,,,,,,,,
kab_sragen,gulapasir,2024,10,66865.4897598212,,,,,,,,,,,
kab_sragen,minyakgoreng,2024,10,1142924.9339207,,,,,,,,,,,
kab_semarang,beras,2024,10,40437.480620155,,,,,,,,,,,
kab_semarang,jagung,2024,10,40057.1428571428,,,,,,,,,,,
kab_semarang,kedelai,2024,10,71278.8571428571,,,,,,,,,,,
kab_semarang,bawangmerah,2024,10,9757.0,,,,,,,,,,,
kab_semarang,bawangputih,2024,10,9147.06249999999,,,,,,,,,,,
kab_semarang,cabaibesar,2024,10,4799.19103773584,,,,,,,,,,,
kab_semarang,cabairawit,2024,10,715.320535714285,,,,,,,,,,,
kab_semarang,dagingsapi,2024,10,5615.45454545454,,,,,,,,,,,
kab_semarang,dagingayamras,2024,10,23290.5,,,,,,,,,,,
kab_semarang,telur,2024,10,88830.0,,,,,,,,,,,
kab_semarang,gulapasir,2024,10,10837.5,,,,,,,,,,,
kab_semarang,minyakgoreng,2024,10,9439.96478873239,,,,,,,,,,,
kab_sukoharjo,beras,2024,10,1172114.81031746,,,,,,,,,,,
kab_sukoharjo,jagung,2024,10,1500.0,,,,,,,,,,,
kab_sukoharjo,kedelai,2024,10,14325.294117647,,,,,,,,,,,
kab_sukoharjo,bawangmerah,2024,10,117.0,,,,,,,,,,,
kab_sukoharjo,bawangputih,2024,10,139.766666666666,,,,,,,,,,,
kab_sukoharjo,cabaibesar,2024,10,282.0,,,,,,,,,,,
kab_sukoharjo,cabairawit,2024,10,306.0,,,,,,,,,,,
kab_sukoharjo,dagingsapi,2024,10,6796.01910828025,,,,,,,,,,,
kab_sukoharjo,dagingayamras,2024,10,125824.503396958,,,,,,,,,,,
kab_sukoharjo,telur,2024,10,1695.87426326129,,,,,,,,,,,
kab_sukoharjo,gulapasir,2024,10,56223.9986301369,,,,,,,,,,,
kab_sukoharjo,minyakgoreng,2024,10,149165.650957248,,,,,,,,,,,
kab_temanggung,beras,2024,10,191821.538461538,,,,,,,,,,,
kab_temanggung,jagung,2024,10,3230.0,,,,,,,,,,,
kab_temanggung,kedelai,2024,10,1650.0,,,,,,,,,,,
kab_temanggung,bawangmerah,2024,10,9425.83917118894,,,,,,,,,,,
kab_temanggung,bawangputih,2024,10,11358.3853606027,,,,,,,,,,,
kab_temanggung,cabaibesar,2024,10,4737.5350140056,,,,,,,,,,,
kab_temanggung,cabairawit,2024,10,2443.66216216216,,,,,,,,,,,
kab_temanggung,dagingsapi,2024,10,2237.16216216216,,,,,,,,,,,
kab_temanggung,dagingayamras,2024,10,2323.80952380952,,,,,,,,,,,
kab_temanggung,telur,2024,10,2430.85068762279,,,,,,,,,,,
kab_temanggung,gulapasir,2024,10,9196.78571428571,,,,,,,,,,,
kab_temanggung,minyakgoreng,2024,10,8774.5707906488,,,,,,,,,,,
kab_tegal,beras,2024,10,7367714.00388994,,,,,,,,,,,
kab_tegal,jagung,2024,10,162022.344827586,,,,,,,,,,,
kab_tegal,kedelai,2024,10,31307.3995271867,,,,,,,,,,,
kab_tegal,bawangmerah,2024,10,2323.83636363636,,,,,,,,,,,
kab_tegal,bawangputih,2024,10,50952.3053348259,,,,,,,,,,,
kab_tegal,cabaibesar,2024,10,196.875,,,,,,,,,,,
kab_tegal,cabairawit,2024,10,219.176470588235,,,,,,,,,,,
kab_tegal,dagingsapi,2024,10,820.0,,,,,,,,,,,
kab_tegal,dagingayamras,2024,10,287510.714285714,,,,,,,,,,,
kab_tegal,telur,2024,10,8987.25296442687,,,,,,,,,,,
kab_tegal,gulapasir,2024,10,238750.79540621,,,,,,,,,,,
kab_tegal,minyakgoreng,2024,10,2419540.09609665,,,,,,,,,,,
kab_wonogiri,beras,2024,10,62946.09375,,,,,,,,,,,
kab_wonogiri,jagung,2024,10,100.0,,,,,,,,,,,
kab_wonogiri,kedelai,2024,10,20400.0,,,,,,,,,,,
kab_wonogiri,bawangmerah,2024,10,6994.16666666666,,,,,,,,,,,
kab_wonogiri,bawangputih,2024,10,12015.0,,,,,,,,,,,
kab_wonogiri,cabaibesar,2024,10,100.625,,,,,,,,,,,
kab_wonogiri,cabairawit,2024,10,125.999999999999,,,,,,,,,,,
kab_wonogiri,dagingsapi,2024,10,140.0,,,,,,,,,,,
kab_wonogiri,dagingayamras,2024,10,185.0,,,,,,,,,,,
kab_wonogiri,telur,2024,10,601.25,,,,,,,,,,,
kab_wonogiri,gulapasir,2024,10,73350.0606060606,,,,,,,,,,,
kab_wonogiri,minyakgoreng,2024,10,145865.49787234,,,,,,,,,,,
kab_wonosobo,beras,2024,10,76030.6144796858,,,,,,,,,,,
kab_wonosobo,jagung,2024,10,1050.0,,,,,,,,,,,
kab_wonosobo,kedelai,2024,10,20000.0,,,,,,,,,,,
kab_wonosobo,bawangmerah,2024,10,398.559756097561,,,,,,,,,,,
kab_wonosobo,bawangputih,2024,10,326.674796747967,,,,,,,,,,,
kab_wonosobo,cabaibesar,2024,10,0.0,,,,,,,,,,,
kab_wonosobo,cabairawit,2024,10,3558.33333333333,,,,,,,,,,,
kab_wonosobo,dagingsapi,2024,10,0.0,,,,,,,,,,,
kab_wonosobo,dagingayamras,2024,10,3127.27272727272,,,,,,,,,,,
kab_wonosobo,telur,2024,10,1088.79385964912,,,,,,,,,,,
kab_wonosobo,gulapasir,2024,10,22655.6031528444,,,,,,,,,,,
kab_wonosobo,minyakgoreng,2024,10,20311.5,,,,,,,,,,,
kota_magelang,beras,2024,10,43786.329113924,,,,,,,,,,,
kota_magelang,jagung,2024,10,501.25,,,,,,,,,,,
kota_magelang,kedelai,2024,10,9708.73,,,,,,,,,,,
kota_magelang,bawangmerah,2024,10,1182.0,,,,,,,,,,,
kota_magelang,bawangputih,2024,10,1222.0,,,,,,,,,,,
kota_magelang,cabaibesar,2024,10,706.0,,,,,,,,,,,
kota_magelang,cabairawit,2024,10,456.0,,,,,,,,,,,
kota_magelang,dagingsapi,2024,10,193.230769230769,,,,,,,,,,,
kota_magelang,dagingayamras,2024,10,5139.0,,,,,,,,,,,
kota_magelang,telur,2024,10,147.2,,,,,,,,,,,
kota_magelang,gulapasir,2024,10,25039.3740188383,,,,,,,,,,,
kota_magelang,minyakgoreng,2024,10,9477.98447058823,,,,,,,,,,,
kota_pekalongan,beras,2024,10,39701.8763611995,,,,,,,,,,,
kota_pekalongan,jagung,2024,10,,,,,,,,,,,,
kota_pekalongan,kedelai,2024,10,0.0,,,,,,,,,,,
kota_pekalongan,bawangmerah,2024,10,1320.0,,,,,,,,,,,
kota_pekalongan,bawangputih,2024,10,75.0,,,,,,,,,,,
kota_pekalongan,cabaibesar,2024,10,60.0,,,,,,,,,,,
kota_pekalongan,cabairawit,2024,10,45.0,,,,,,,,,,,
kota_pekalongan,dagingsapi,2024,10,0.0,,,,,,,,,,,
kota_pekalongan,dagingayamras,2024,10,0.0,,,,,,,,,,,
kota_pekalongan,telur,2024,10,1115.6923076923,,,,,,,,,,,
kota_pekalongan,gulapasir,2024,10,43249.7435897435,,,,,,,,,,,
kota_pekalongan,minyakgoreng,2024,10,3666.29289840299,,,,,,,,,,,
kota_surakarta,beras,2024,10,204494.572108843,,,,,,,,,,,
kota_surakarta,jagung,2024,10,10400.0,,,,,,,,,,,
kota_surakarta,kedelai,2024,10,224962.426229508,,,,,,,,,,,
kota_surakarta,bawangmerah,2024,10,0.0,,,,,,,,,,,
kota_surakarta,bawangputih,2024,10,59876.5761875385,,,,,,,,,,,
kota_surakarta,cabaibesar,2024,10,18750.0,,,,,,,,,,,
kota_surakarta,cabairawit,2024,10,18199.9999999999,,,,,,,,,,,
kota_surakarta,dagingsapi,2024,10,38191.304347826,,,,,,,,,,,
kota_surakarta,dagingayamras,2024,10,15000.0,,,,,,,,,,,
kota_surakarta,telur,2024,10,91510.9004739336,,,,,,,,,,,
kota_surakarta,gulapasir,2024,10,79994.8717948718,,,,,,,,,,,
kota_surakarta,minyakgoreng,2024,10,130769.978005518,,,,,,,,,,,
kota_salatiga,beras,2024,10,12816.9262589019,,,,,,,,,,,
kota_salatiga,jagung,2024,10,9297.80663083519,,,,,,,,,,,
kota_salatiga,kedelai,2024,10,24378.9519101123,,,,,,,,,,,
kota_salatiga,bawangmerah,2024,10,1405.70497784727,,,,,,,,,,,
kota_salatiga,bawangputih,2024,10,539.078069222411,,,,,,,,,,,
kota_salatiga,cabaibesar,2024,10,8642.48281249999,,,,,,,,,,,
kota_salatiga,cabairawit,2024,10,22510.6580886653,,,,,,,,,,,
kota_salatiga,dagingsapi,2024,10,20160.3818181818,,,,,,,,,,,
kota_salatiga,dagingayamras,2024,10,31053.6450946359,,,,,,,,,,,
kota_salatiga,telur,2024,10,7651.91676340047,,,,,,,,,,,
kota_salatiga,gulapasir,2024,10,31268.0470588235,,,,,,,,,,,
kota_salatiga,minyakgoreng,2024,10,1752.01563517915,,,,,,,,,,,
kota_semarang,beras,2024,10,20641.5379026521,,,,,,,,,,,
kota_semarang,jagung,2024,10,,,,,,,,,,,,
kota_semarang,kedelai,2024,10,0.0,,,,,,,,,,,
kota_semarang,bawangmerah,2024,10,0.0,,,,,,,,,,,
kota_semarang,bawangputih,2024,10,0.0,,,,,,,,,,,
kota_semarang,cabaibesar,2024,10,0.0,,,,,,,,,,,
kota_semarang,cabairawit,2024,10,0.0,,,,,,,,,,,
kota_semarang,dagingsapi,2024,10,0.0,,,,,,,,,,,
kota_semarang,dagingayamras,2024,10,0.0,,,,,,,,,,,
kota_semarang,telur,2024,10,2383.57300884955,,,,,,,,,,,
kota_semarang,gulapasir,2024,10,4712.35934664246,,,,,,,,,,,
kota_semarang,minyakgoreng,2024,10,8949.63391136801,,,,,,,,,,,
kota_tegal,beras,2024,10,678061.885272111,,,,,,,,,,,
kota_tegal,jagung,2024,10,306.0,,,,,,,,,,,
kota_tegal,kedelai,2024,10,19502.4375,,,,,,,,,,,
kota_tegal,bawangmerah,2024,10,43.0,,,,,,,,,,,
kota_tegal,bawangputih,2024,10,6242.52069536423,,,,,,,,,,,
kota_tegal,cabaibesar,2024,10,97.5,,,,,,,,,,,
kota_tegal,cabairawit,2024,10,48.3333333333333,,,,,,,,,,,
kota_tegal,dagingsapi,2024,10,19.375,,,,,,,,,,,
kota_tegal,dagingayamras,2024,10,2.63492063492063,,,,,,,,,,,
kota_tegal,telur,2024,10,1314.43298969072,,,,,,,,,,,
kota_tegal,gulapasir,2024,10,123492.775678461,,,,,,,,,,,
kota_tegal,minyakgoreng,2024,10,18424.4181602001,,,,,,,,,,,
kab_banjarnegara,beras,2024,11,42500.0,,,,,,,,,,,
kab_banjarnegara,jagung,2024,11,1515.0,,,,,,,,,,,
kab_banjarnegara,kedelai,2024,11,21000.0,,,,,,,,,,,
kab_banjarnegara,bawangmerah,2024,11,500.0,,,,,,,,,,,
kab_banjarnegara,bawangputih,2024,11,200.0,,,,,,,,,,,
kab_banjarnegara,cabaibesar,2024,11,,,,,,,,,,,,
kab_banjarnegara,cabairawit,2024,11,,,,,,,,,,,,
kab_banjarnegara,dagingsapi,2024,11,3329.99999999999,,,,,,,,,,,
kab_banjarnegara,dagingayamras,2024,11,2140.0,,,,,,,,,,,
kab_banjarnegara,telur,2024,11,704.912280701754,,,,,,,,,,,
kab_banjarnegara,gulapasir,2024,11,3000.0,,,,,,,,,,,
kab_banjarnegara,minyakgoreng,2024,11,2622.0,,,,,,,,,,,
kab_banyumas,beras,2024,11,41351.4875239923,,,,,,,,,,,
kab_banyumas,jagung,2024,11,3000.0,,,,,,,,,,,
kab_banyumas,kedelai,2024,11,1250.0,,,,,,,,,,,
kab_banyumas,bawangmerah,2024,11,2078.76923076923,,,,,,,,,,,
kab_banyumas,bawangputih,2024,11,5830.92750744786,,,,,,,,,,,
kab_banyumas,cabaibesar,2024,11,1352.4,,,,,,,,,,,
kab_banyumas,cabairawit,2024,11,1835.625,,,,,,,,,,,
kab_banyumas,dagingsapi,2024,11,141.714285714285,,,,,,,,,,,
kab_banyumas,dagingayamras,2024,11,49703.1629392971,,,,,,,,,,,
kab_banyumas,telur,2024,11,14989.7229219143,,,,,,,,,,,
kab_banyumas,gulapasir,2024,11,18224.0034256351,,,,,,,,,,,
kab_banyumas,minyakgoreng,2024,11,1595.51491166077,,,,,,,,,,,
kab_batang,beras,2024,11,18619.0476190476,,,,,,,,,,,
kab_batang,jagung,2024,11,5294.74431818181,,,,,,,,,,,
kab_batang,kedelai,2024,11,57520.4044117647,,,,,,,,,,,
kab_batang,bawangmerah,2024,11,231.428571428571,,,,,,,,,,,
kab_batang,bawangputih,2024,11,303.84,,,,,,,,,,,
kab_batang,cabaibesar,2024,11,31.6666666666666,,,,,,,,,,,
kab_batang,cabairawit,2024,11,45.0,,,,,,,,,,,
kab_batang,dagingsapi,2024,11,276.878980891719,,,,,,,,,,,
kab_batang,dagingayamras,2024,11,248.823529411764,,,,,,,,,,,
kab_batang,telur,2024,11,1529.97402597402,,,,,,,,,,,
kab_batang,gulapasir,2024,11,2710.58823529411,,,,,,,,,,,
kab_batang,minyakgoreng,2024,11,7058.9192139738,,,,,,,,,,,
kab_blora,beras,2024,11,917971.044537859,,,,,,,,,,,
kab_blora,jagung,2024,11,2833112.66021781,,,,,,,,,,,
kab_blora,kedelai,2024,11,7916.658371845,,,,,,,,,,,
kab_blora,bawangmerah,2024,11,12.048,,,,,,,,,,,
kab_blora,bawangputih,2024,11,15.0,,,,,,,,,,,
kab_blora,cabaibesar,2024,11,0.0,,,,,,,,,,,
kab_blora,cabairawit,2024,11,34.5,,,,,,,,,,,
kab_blora,dagingsapi,2024,11,1973.11600841896,,,,,,,,,,,
kab_blora,dagingayamras,2024,11,24.0296296296296,,,,,,,,,,,
kab_blora,telur,2024,11,676.286556893585,,,,,,,,,,,
kab_blora,gulapasir,2024,11,53898.524231567,,,,,,,,,,,
kab_blora,minyakgoreng,2024,11,40513.0164402472,,,,,,,,,,,
kab_boyolali,beras,2024,11,50697.7777777777,,,,,,,,,,,
kab_boyolali,jagung,2024,11,15000.0,,,,,,,,,,,
kab_boyolali,kedelai,2024,11,11961.5066225165,,,,,,,,,,,
kab_boyolali,bawangmerah,2024,11,692.994791666666,,,,,,,,,,,
kab_boyolali,bawangputih,2024,11,363.999999999999,,,,,,,,,,,
kab_boyolali,cabaibesar,2024,11,592.192771084337,,,,,,,,,,,
kab_boyolali,cabairawit,2024,11,3152.08189655172,,,,,,,,,,,
kab_boyolali,dagingsapi,2024,11,2933.4375,,,,,,,,,,,
kab_boyolali,dagingayamras,2024,11,675324.843596082,,,,,,,,,,,
kab_boyolali,telur,2024,11,5900.65116279069,,,,,,,,,,,
kab_boyolali,gulapasir,2024,11,2035.39094650205,,,,,,,,,,,
kab_boyolali,minyakgoreng,2024,11,7587.94998179832,,,,,,,,,,,
kab_brebes,beras,2024,11,68166.6923076923,,,,,,,,,,,
kab_brebes,jagung,2024,11,96010.7482993197,,,,,,,,,,,
kab_brebes,kedelai,2024,11,9200.0,,,,,,,,,,,
kab_brebes,bawangmerah,2024,11,52056.3867249602,,,,,,,,,,,
kab_brebes,bawangputih,2024,11,2158.5,,,,,,,,,,,
kab_brebes,cabaibesar,2024,11,1005.09999999999,,,,,,,,,,,
kab_brebes,cabairawit,2024,11,644.111111111111,,,,,,,,,,,
kab_brebes,dagingsapi,2024,11,693.243243243243,,,,,,,,,,,
kab_brebes,dagingayamras,2024,11,2659.27272727272,,,,,,,,,,,
kab_brebes,telur,2024,11,5064.44444444444,,,,,,,,,,,
kab_brebes,gulapasir,2024,11,998.75,,,,,,,,,,,
kab_brebes,minyakgoreng,2024,11,2071.62,,,,,,,,,,,
kab_cilacap,beras,2024,11,351100.832266325,,,,,,,,,,,
kab_cilacap,jagung,2024,11,0.0,,,,,,,,,,,
kab_cilacap,kedelai,2024,11,5120.32608695652,,,,,,,,,,,
kab_cilacap,bawangmerah,2024,11,985.157647058823,,,,,,,,,,,
kab_cilacap,bawangputih,2024,11,8807.77595907928,,,,,,,,,,,
kab_cilacap,cabaibesar,2024,11,565.505769230769,,,,,,,,,,,
kab_cilacap,cabairawit,2024,11,428.021052631578,,,,,,,,,,,
kab_cilacap,dagingsapi,2024,11,535.0,,,,,,,,,,,
kab_cilacap,dagingayamras,2024,11,970.0,,,,,,,,,,,
kab_cilacap,telur,2024,11,658.0,,,,,,,,,,,
kab_cilacap,gulapasir,2024,11,4615.28260869565,,,,,,,,,,,
kab_cilacap,minyakgoreng,2024,11,46959.503117063,,,,,,,,,,,
kab_demak,beras,2024,11,1044003.60174244,,,,,,,,,,,
kab_demak,jagung,2024,11,109107.213114754,,,,,,,,,,,
kab_demak,kedelai,2024,11,0.0,,,,,,,,,,,
kab_demak,bawangmerah,2024,11,9690.625,,,,,,,,,,,
kab_demak,bawangputih,2024,11,2095.0,,,,,,,,,,,
kab_demak,cabaibesar,2024,11,14851.2857142857,,,,,,,,,,,
kab_demak,cabairawit,2024,11,,,,,,,,,,,,
kab_demak,dagingsapi,2024,11,0.0,,,,,,,,,,,
kab_demak,dagingayamras,2024,11,909920.0,,,,,,,,,,,
kab_demak,telur,2024,11,9765.43209876543,,,,,,,,,,,
kab_demak,gulapasir,2024,11,9040.50314465408,,,,,,,,,,,
kab_demak,minyakgoreng,2024,11,31418.3431952662,,,,,,,,,,,
kab_grobogan,beras,2024,11,93890.6424550113,,,,,,,,,,,
kab_grobogan,jagung,2024,11,79275.0,,,,,,,,,,,
kab_grobogan,kedelai,2024,11,11590.4048614039,,,,,,,,,,,
kab_grobogan,bawangmerah,2024,11,8569.81414634146,,,,,,,,,,,
kab_grobogan,bawangputih,2024,11,2327.74358974358,,,,,,,,,,,
kab_grobogan,cabaibesar,2024,11,1833.21071428571,,,,,,,,,,,
kab_grobogan,cabairawit,2024,11,650.447244094488,,,,,,,,,,,
kab_grobogan,dagingsapi,2024,11,,,,,,,,,,,,
kab_grobogan,dagingayamras,2024,11,787.8,,,,,,,,,,,
kab_grobogan,telur,2024,11,869.14696485623,,,,,,,,,,,
kab_grobogan,gulapasir,2024,11,49002.2667489421,,,,,,,,,,,
kab_grobogan,minyakgoreng,2024,11,53799.7515055427,,,,,,,,,,,
kab_jepara,beras,2024,11,151844.406539509,,,,,,,,,,,
kab_jepara,jagung,2024,11,25057.9838509316,,,,,,,,,,,
kab_jepara,kedelai,2024,11,27619.7095435684,,,,,,,,,,,
kab_jepara,bawangmerah,2024,11,12.3880597014925,,,,,,,,,,,
kab_jepara,bawangputih,2024,11,12.2033898305084,,,,,,,,,,,
kab_jepara,cabaibesar,2024,11,5.77777777777777,,,,,,,,,,,
kab_jepara,cabairawit,2024,11,6.6,,,,,,,,,,,
kab_jepara,dagingsapi,2024,11,352.058823529411,,,,,,,,,,,
kab_jepara,dagingayamras,2024,11,574.75,,,,,,,,,,,
kab_jepara,telur,2024,11,7739.88764044943,,,,,,,,,,,
kab_jepara,gulapasir,2024,11,6098.23204419889,,,,,,,,,,,
kab_jepara,minyakgoreng,2024,11,8113.17692307692,,,,,,,,,,,
kab_karanganyar,beras,2024,11,34369.1919191919,,,,,,,,,,,
kab_karanganyar,jagung,2024,11,60009.9999999999,,,,,,,,,,,
kab_karanganyar,kedelai,2024,11,225030.0,,,,,,,,,,,
kab_karanganyar,bawangmerah,2024,11,375.100671140939,,,,,,,,,,,
kab_karanganyar,bawangputih,2024,11,787.5,,,,,,,,,,,
kab_karanganyar,cabaibesar,2024,11,90.0,,,,,,,,,,,
kab_karanganyar,cabairawit,2024,11,100.0,,,,,,,,,,,
kab_karanganyar,dagingsapi,2024,11,50.0,,,,,,,,,,,
kab_karanganyar,dagingayamras,2024,11,500.0,,,,,,,,,,,
kab_karanganyar,telur,2024,11,27677.4251497005,,,,,,,,,,,
kab_karanganyar,gulapasir,2024,11,1815.40229885057,,,,,,,,,,,
kab_karanganyar,minyakgoreng,2024,11,617.777777777777,,,,,,,,,,,
kab_kebumen,beras,2024,11,157583.904286718,,,,,,,,,,,
kab_kebumen,jagung,2024,11,25851.497005988,,,,,,,,,,,
kab_kebumen,kedelai,2024,11,35909.8011363636,,,,,,,,,,,
kab_kebumen,bawangmerah,2024,11,2166.88888888888,,,,,,,,,,,
kab_kebumen,bawangputih,2024,11,2214.12765957446,,,,,,,,,,,
kab_kebumen,cabaibesar,2024,11,203.65625,,,,,,,,,,,
kab_kebumen,cabairawit,2024,11,466.631578947368,,,,,,,,,,,
kab_kebumen,dagingsapi,2024,11,93.6,,,,,,,,,,,
kab_kebumen,dagingayamras,2024,11,1530.0,,,,,,,,,,,
kab_kebumen,telur,2024,11,14332.0378378378,,,,,,,,,,,
kab_kebumen,gulapasir,2024,11,41793.0568720379,,,,,,,,,,,
kab_kebumen,minyakgoreng,2024,11,128153.608695158,,,,,,,,,,,
kab_kendal,beras,2024,11,56250.0,,,,,,,,,,,
kab_kendal,jagung,2024,11,40225.4347826086,,,,,,,,,,,
kab_kendal,kedelai,2024,11,5350.0,,,,,,,,,,,
kab_kendal,bawangmerah,2024,11,11049.6657633243,,,,,,,,,,,
kab_kendal,bawangputih,2024,11,13894.6153846153,,,,,,,,,,,
kab_kendal,cabaibesar,2024,11,545.0,,,,,,,,,,,
kab_kendal,cabairawit,2024,11,687.692307692307,,,,,,,,,,,
kab_kendal,dagingsapi,2024,11,0.0,,,,,,,,,,,
kab_kendal,dagingayamras,2024,11,0.0,,,,,,,,,,,
kab_kendal,telur,2024,11,11621.3461538461,,,,,,,,,,,
kab_kendal,gulapasir,2024,11,1989.5652173913,,,,,,,,,,,
kab_kendal,minyakgoreng,2024,11,7512.81323087203,,,,,,,,,,,
kab_klaten,beras,2024,11,862301.565535443,,,,,,,,,,,
kab_klaten,jagung,2024,11,1350.0,,,,,,,,,,,
kab_klaten,kedelai,2024,11,4063.2,,,,,,,,,,,
kab_klaten,bawangmerah,2024,11,1140.0,,,,,,,,,,,
kab_klaten,bawangputih,2024,11,593.0,,,,,,,,,,,
kab_klaten,cabaibesar,2024,11,159.25,,,,,,,,,,,
kab_klaten,cabairawit,2024,11,608.052631578947,,,,,,,,,,,
kab_klaten,dagingsapi,2024,11,246.045918367346,,,,,,,,,,,
kab_klaten,dagingayamras,2024,11,121.0,,,,,,,,,,,
kab_klaten,telur,2024,11,9677.26358148893,,,,,,,,,,,
kab_klaten,gulapasir,2024,11,617.5,,,,,,,,,,,
kab_klaten,minyakgoreng,2024,11,1546.11111111111,,,,,,,,,,,
kab_kudus,beras,2024,11,574006.044905008,,,,,,,,,,,
kab_kudus,jagung,2024,11,218454.545454545,,,,,,,,,,,
kab_kudus,kedelai,2024,11,258000.0,,,,,,,,,,,
kab_kudus,bawangmerah,2024,11,29600.0,,,,,,,,,,,
kab_kudus,bawangputih,2024,11,25000.0,,,,,,,,,,,
kab_kudus,cabaibesar,2024,11,100.0,,,,,,,,,,,
kab_kudus,cabairawit,2024,11,1316.0,,,,,,,,,,,
kab_kudus,dagingsapi,2024,11,9224.35294117647,,,,,,,,,,,
kab_kudus,dagingayamras,2024,11,998.461538461538,,,,,,,,,,,
kab_kudus,telur,2024,11,1053.56132075471,,,,,,,,,,,
kab_kudus,gulapasir,2024,11,201635.135135135,,,,,,,,,,,
kab_kudus,minyakgoreng,2024,11,257161.132738917,,,,,,,,,,,
kab_magelang,beras,2024,11,60700.5032467532,,,,,,,,,,,
kab_magelang,jagung,2024,11,6000.0,,,,,,,,,,,
kab_magelang,kedelai,2024,11,9015.0,,,,,,,,,,,
kab_magelang,bawangmerah,2024,11,3672.0,,,,,,,,,,,
kab_magelang,bawangputih,2024,11,2206.15384615384,,,,,,,,,,,
kab_magelang,cabaibesar,2024,11,10599.5,,,,,,,,,,,
kab_magelang,cabairawit,2024,11,6404.45347786811,,,,,,,,,,,
kab_magelang,dagingsapi,2024,11,0.0,,,,,,,,,,,
kab_magelang,dagingayamras,2024,11,1554.66666666666,,,,,,,,,,,
kab_magelang,telur,2024,11,1968.21428571428,,,,,,,,,,,
kab_magelang,gulapasir,2024,11,72000.0,,,,,,,,,,,
kab_magelang,minyakgoreng,2024,11,25906.3492063492,,,,,,,,,,,
kab_pati,beras,2024,11,26926.892556737,,,,,,,,,,,
kab_pati,jagung,2024,11,1569.14142899147,,,,,,,,,,,
kab_pati,kedelai,2024,11,29601.7617732264,,,,,,,,,,,
kab_pati,bawangmerah,2024,11,38460.6275681733,,,,,,,,,,,
kab_pati,bawangputih,2024,11,36250.6316279069,,,,,,,,,,,
kab_pati,cabaibesar,2024,11,430465.014975041,,,,,,,,,,,
kab_pati,cabairawit,2024,11,59612.0066666666,,,,,,,,,,,
kab_pati,dagingsapi,2024,11,51993.75,,,,,,,,,,,
kab_pati,dagingayamras,2024,11,2008.125,,,,,,,,,,,
kab_pati,telur,2024,11,37783.5913978494,,,,,,,,,,,
kab_pati,gulapasir,2024,11,2857.29710584901,,,,,,,,,,,
kab_pati,minyakgoreng,2024,11,117042.133076443,,,,,,,,,,,
kab_pekalongan,beras,2024,11,79829.3313069908,,,,,,,,,,,
kab_pekalongan,jagung,2024,11,1100.0,,,,,,,,,,,
kab_pekalongan,kedelai,2024,11,103844.285714285,,,,,,,,,,,
kab_pekalongan,bawangmerah,2024,11,2104.88198757763,,,,,,,,,,,
kab_pekalongan,bawangputih,2024,11,9176.976,,,,,,,,,,,
kab_pekalongan,cabaibesar,2024,11,555.1,,,,,,,,,,,
kab_pekalongan,cabairawit,2024,11,598.199999999999,,,,,,,,,,,
kab_pekalongan,dagingsapi,2024,11,2566.61538461538,,,,,,,,,,,
kab_pekalongan,dagingayamras,2024,11,2909.35319148936,,,,,,,,,,,
kab_pekalongan,telur,2024,11,3856.56686626746,,,,,,,,,,,
kab_pekalongan,gulapasir,2024,11,60114.0119760479,,,,,,,,,,,
kab_pekalongan,minyakgoreng,2024,11,204651.112586581,,,,,,,,,,,
kab_pemalang,beras,2024,11,27275.0,,,,,,,,,,,
kab_pemalang,jagung,2024,11,146722.199999999,,,,,,,,,,,
kab_pemalang,kedelai,2024,11,9433.17647058823,,,,,,,,,,,
kab_pemalang,bawangmerah,2024,11,130.799999999999,,,,,,,,,,,
kab_pemalang,bawangputih,2024,11,1573.30179282868,,,,,,,,,,,
kab_pemalang,cabaibesar,2024,11,21254.1428571428,,,,,,,,,,,
kab_pemalang,cabairawit,2024,11,300.0,,,,,,,,,,,
kab_pemalang,dagingsapi,2024,11,,,,,,,,,,,,
kab_pemalang,dagingayamras,2024,11,,,,,,,,,,,,
kab_pemalang,telur,2024,11,5947.16814650388,,,,,,,,,,,
kab_pemalang,gulapasir,2024,11,73.4999999999999,,,,,,,,,,,
kab_pemalang,minyakgoreng,2024,11,370.0,,,,,,,,,,,
kab_purbalingga,beras,2024,11,14426.456043956,,,,,,,,,,,
kab_purbalingga,jagung,2024,11,4012.33766233766,,,,,,,,,,,
kab_purbalingga,kedelai,2024,11,911.026103151862,,,,,,,,,,,
kab_purbalingga,bawangmerah,2024,11,566.0,,,,,,,,,,,
kab_purbalingga,bawangputih,2024,11,897.6,,,,,,,,,,,
kab_purbalingga,cabaibesar,2024,11,4452.10714285714,,,,,,,,,,,
kab_purbalingga,cabairawit,2024,11,1867.17307692307,,,,,,,,,,,
kab_purbalingga,dagingsapi,2024,11,2584.0,,,,,,,,,,,
kab_purbalingga,dagingayamras,2024,11,3623.5294117647,,,,,,,,,,,
kab_purbalingga,telur,2024,11,11465.3164556962,,,,,,,,,,,
kab_purbalingga,gulapasir,2024,11,1013.28740697439,,,,,,,,,,,
kab_purbalingga,minyakgoreng,2024,11,497122.405400248,,,,,,,,,,,
kab_purworejo,beras,2024,11,357368.898305084,,,,,,,,,,,
kab_purworejo,jagung,2024,11,5386.66666666666,,,,,,,,,,,
kab_purworejo,kedelai,2024,11,38012.6666666666,,,,,,,,,,,
kab_purworejo,bawangmerah,2024,11,2344.53519417475,,,,,,,,,,,
kab_purworejo,bawangputih,2024,11,4128.58333333333,,,,,,,,,,,
kab_purworejo,cabaibesar,2024,11,92016.0,,,,,,,,,,,
kab_purworejo,cabairawit,2024,11,2332.84523809523,,,,,,,,,,,
kab_purworejo,dagingsapi,2024,11,237.5,,,,,,,,,,,
kab_purworejo,dagingayamras,2024,11,3229.99999999999,,,,,,,,,,,
kab_purworejo,telur,2024,11,6221.6923076923,,,,,,,,,,,
kab_purworejo,gulapasir,2024,11,2977.55621890547,,,,,,,,,,,
kab_purworejo,minyakgoreng,2024,11,36168.5798548094,,,,,,,,,,,
kab_rembang,beras,2024,11,380179.121260262,,,,,,,,,,,
kab_rembang,jagung,2024,11,46770.9126984127,,,,,,,,,,,
kab_rembang,kedelai,2024,11,17762.918095238,,,,,,,,,,,
kab_rembang,bawangmerah,2024,11,887.630039525691,,,,,,,,,,,
kab_rembang,bawangputih,2024,11,3527.90748898678,,,,,,,,,,,
kab_rembang,cabaibesar,2024,11,1016.57466918714,,,,,,,,,,,
kab_rembang,cabairawit,2024,11,1174.11891891891,,,,,,,,,,,
kab_rembang,dagingsapi,2024,11,691.25,,,,,,,,,,,
kab_rembang,dagingayamras,2024,11,5589.08952380952,,,,,,,,,,,
kab_rembang,telur,2024,11,1407.18181818181,,,,,,,,,,,
kab_rembang,gulapasir,2024,11,179263.711024759,,,,,,,,,,,
kab_rembang,minyakgoreng,2024,11,20811.4774235556,,,,,,,,,,,
kab_sragen,beras,2024,11,1356307.17701253,,,,,,,,,,,
kab_sragen,jagung,2024,11,,,,,,,,,,,,
kab_sragen,kedelai,2024,11,227375.0,,,,,,,,,,,
kab_sragen,bawangmerah,2024,11,293.647058823529,,,,,,,,,,,
kab_sragen,bawangputih,2024,11,642.307692307692,,,,,,,,,,,
kab_sragen,cabaibesar,2024,11,6708.0,,,,,,,,,,,
kab_sragen,cabairawit,2024,11,119891.2,,,,,,,,,,,
kab_sragen,dagingsapi,2024,11,1950.0,,,,,,,,,,,
kab_sragen,dagingayamras,2024,11,1905.26315789473,,,,,,,,,,,
kab_sragen,telur,2024,11,1797.60368663594,,,,,,,,,,,
kab_sragen,gulapasir,2024,11,66865.4897598212,,,,,,,,,,,
kab_sragen,minyakgoreng,2024,11,1143108.06796727,,,,,,,,,,,
kab_semarang,beras,2024,11,46849.7096899224,,,,,,,,,,,
kab_semarang,jagung,2024,11,24284.6428571428,,,,,,,,,,,
kab_semarang,kedelai,2024,11,59651.8095238095,,,,,,,,,,,
kab_semarang,bawangmerah,2024,11,11383.1666666666,,,,,,,,,,,
kab_semarang,bawangputih,2024,11,11299.3124999999,,,,,,,,,,,
kab_semarang,cabaibesar,2024,11,2650.29952830188,,,,,,,,,,,
kab_semarang,cabairawit,2024,11,575.061607142857,,,,,,,,,,,
kab_semarang,dagingsapi,2024,11,5615.45454545454,,,,,,,,,,,
kab_semarang,dagingayamras,2024,11,19408.75,,,,,,,,,,,
kab_semarang,telur,2024,11,65800.0,,,,,,,,,,,
kab_semarang,gulapasir,2024,11,13005.0,,,,,,,,,,,
kab_semarang,minyakgoreng,2024,11,7048.50704225352,,,,,,,,,,,
kab_sukoharjo,beras,2024,11,1179904.61825396,,,,,,,,,,,
kab_sukoharjo,jagung,2024,11,1500.0,,,,,,,,,,,
kab_sukoharjo,kedelai,2024,11,14426.1764705882,,,,,,,,,,,
kab_sukoharjo,bawangmerah,2024,11,175.5,,,,,,,,,,,
kab_sukoharjo,bawangputih,2024,11,199.666666666666,,,,,,,,,,,
kab_sukoharjo,cabaibesar,2024,11,423.0,,,,,,,,,,,
kab_sukoharjo,cabairawit,2024,11,458.999999999999,,,,,,,,,,,
kab_sukoharjo,dagingsapi,2024,11,6924.04458598726,,,,,,,,,,,
kab_sukoharjo,dagingayamras,2024,11,,,,,,,,,,,,
kab_sukoharjo,telur,2024,11,2183.43811394891,,,,,,,,,,,
kab_sukoharjo,gulapasir,2024,11,57047.1904109589,,,,,,,,,,,
kab_sukoharjo,minyakgoreng,2024,11,150836.228356017,,,,,,,,,,,
kab_temanggung,beras,2024,11,194267.35042735,,,,,,,,,,,
kab_temanggung,jagung,2024,11,3250.0,,,,,,,,,,,
kab_temanggung,kedelai,2024,11,61600.0,,,,,,,,,,,
kab_temanggung,bawangmerah,2024,11,9150.59694129255,,,,,,,,,,,
kab_temanggung,bawangputih,2024,11,11318.1786867599,,,,,,,,,,,
kab_temanggung,cabaibesar,2024,11,4956.19047619047,,,,,,,,,,,
kab_temanggung,cabairawit,2024,11,2164.38648648648,,,,,,,,,,,
kab_temanggung,dagingsapi,2024,11,2351.62162162162,,,,,,,,,,,
kab_temanggung,dagingayamras,2024,11,2207.61904761904,,,,,,,,,,,
kab_temanggung,telur,2024,11,2481.70530451866,,,,,,,,,,,
kab_temanggung,gulapasir,2024,11,8778.75,,,,,,,,,,,
kab_temanggung,minyakgoreng,2024,11,8921.42553191489,,,,,,,,,,,
kab_tegal,beras,2024,11,5228299.5482846,,,,,,,,,,,
kab_tegal,jagung,2024,11,100013.793103448,,,,,,,,,,,
kab_tegal,kedelai,2024,11,30957.3167848699,,,,,,,,,,,
kab_tegal,bawangmerah,2024,11,2525.90909090909,,,,,,,,,,,
kab_tegal,bawangputih,2024,11,43924.5048173092,,,,,,,,,,,
kab_tegal,cabaibesar,2024,11,117.0,,,,,,,,,,,
kab_tegal,cabairawit,2024,11,213.088235294117,,,,,,,,,,,
kab_tegal,dagingsapi,2024,11,717.5,,,,,,,,,,,
kab_tegal,dagingayamras,2024,11,42370.0,,,,,,,,,,,
kab_tegal,telur,2024,11,19199.8102766798,,,,,,,,,,,
kab_tegal,gulapasir,2024,11,278559.327945555,,,,,,,,,,,
kab_tegal,minyakgoreng,2024,11,1960840.7915249,,,,,,,,,,,
kab_wonogiri,beras,2024,11,70789.84375,,,,,,,,,,,
kab_wonogiri,jagung,2024,11,125.0,,,,,,,,,,,
kab_wonogiri,kedelai,2024,11,24600.0,,,,,,,,,,,
kab_wonogiri,bawangmerah,2024,11,9790.76388888888,,,,,,,,,,,
kab_wonogiri,bawangputih,2024,11,22321.2,,,,,,,,,,,
kab_wonogiri,cabaibesar,2024,11,172.5,,,,,,,,,,,
kab_wonogiri,cabairawit,2024,11,125.999999999999,,,,,,,,,,,
kab_wonogiri,dagingsapi,2024,11,140.0,,,,,,,,,,,
kab_wonogiri,dagingayamras,2024,11,185.0,,,,,,,,,,,
kab_wonogiri,telur,2024,11,601.25,,,,,,,,,,,
kab_wonogiri,gulapasir,2024,11,145970.553030303,,,,,,,,,,,
kab_wonogiri,minyakgoreng,2024,11,200158.774468085,,,,,,,,,,,
kab_wonosobo,beras,2024,11,75214.0932497402,,,,,,,,,,,
kab_wonosobo,jagung,2024,11,1050.0,,,,,,,,,,,
kab_wonosobo,kedelai,2024,11,20000.0,,,,,,,,,,,
kab_wonosobo,bawangmerah,2024,11,410.492682926829,,,,,,,,,,,
kab_wonosobo,bawangputih,2024,11,340.878048780487,,,,,,,,,,,
kab_wonosobo,cabaibesar,2024,11,0.0,,,,,,,,,,,
kab_wonosobo,cabairawit,2024,11,3558.33333333333,,,,,,,,,,,
kab_wonosobo,dagingsapi,2024,11,0.0,,,,,,,,,,,
kab_wonosobo,dagingayamras,2024,11,3127.27272727272,,,,,,,,,,,
kab_wonosobo,telur,2024,11,822.828947368421,,,,,,,,,,,
kab_wonosobo,gulapasir,2024,11,21785.5723098012,,,,,,,,,,,
kab_wonosobo,minyakgoreng,2024,11,20311.5,,,,,,,,,,,
kota_magelang,beras,2024,11,43786.329113924,,,,,,,,,,,
kota_magelang,jagung,2024,11,501.25,,,,,,,,,,,
kota_magelang,kedelai,2024,11,9708.73,,,,,,,,,,,
kota_magelang,bawangmerah,2024,11,1182.0,,,,,,,,,,,
kota_magelang,bawangputih,2024,11,1222.0,,,,,,,,,,,
kota_magelang,cabaibesar,2024,11,706.0,,,,,,,,,,,
kota_magelang,cabairawit,2024,11,456.0,,,,,,,,,,,
kota_magelang,dagingsapi,2024,11,193.230769230769,,,,,,,,,,,
kota_magelang,dagingayamras,2024,11,5139.0,,,,,,,,,,,
kota_magelang,telur,2024,11,147.2,,,,,,,,,,,
kota_magelang,gulapasir,2024,11,25039.3740188383,,,,,,,,,,,
kota_magelang,minyakgoreng,2024,11,9477.98447058823,,,,,,,,,,,
kota_pekalongan,beras,2024,11,42693.9018261015,,,,,,,,,,,
kota_pekalongan,jagung,2024,11,,,,,,,,,,,,
kota_pekalongan,kedelai,2024,11,-10200.0,,,,,,,,,,,
kota_pekalongan,bawangmerah,2024,11,4240.0,,,,,,,,,,,
kota_pekalongan,bawangputih,2024,11,75.0,,,,,,,,,,,
kota_pekalongan,cabaibesar,2024,11,60.0,,,,,,,,,,,
kota_pekalongan,cabairawit,2024,11,335.0,,,,,,,,,,,
kota_pekalongan,dagingsapi,2024,11,0.0,,,,,,,,,,,
kota_pekalongan,dagingayamras,2024,11,0.0,,,,,,,,,,,
kota_pekalongan,telur,2024,11,1406.0,,,,,,,,,,,
kota_pekalongan,gulapasir,2024,11,37975.3846153846,,,,,,,,,,,
kota_pekalongan,minyakgoreng,2024,11,9232.58817533129,,,,,,,,,,,
kota_surakarta,beras,2024,11,246137.103156462,,,,,,,,,,,
kota_surakarta,jagung,2024,11,11440.0,,,,,,,,,,,
kota_surakarta,kedelai,2024,11,250600.036065573,,,,,,,,,,,
kota_surakarta,bawangmerah,2024,11,0.0,,,,,,,,,,,
kota_surakarta,bawangputih,2024,11,70109.2905613818,,,,,,,,,,,
kota_surakarta,cabaibesar,2024,11,21875.0,,,,,,,,,,,
kota_surakarta,cabairawit,2024,11,21319.9999999999,,,,,,,,,,,
kota_surakarta,dagingsapi,2024,11,45829.5652173913,,,,,,,,,,,
kota_surakarta,dagingayamras,2024,11,20340.0,,,,,,,,,,,
kota_surakarta,telur,2024,11,107770.426540284,,,,,,,,,,,
kota_surakarta,gulapasir,2024,11,93165.9572649572,,,,,,,,,,,
kota_surakarta,minyakgoreng,2024,11,171269.624173989,,,,,,,,,,,
kota_salatiga,beras,2024,11,12816.9262589019,,,,,,,,,,,
kota_salatiga,jagung,2024,11,9297.80663083519,,,,,,,,,,,
kota_salatiga,kedelai,2024,11,24378.9519101123,,,,,,,,,,,
kota_salatiga,bawangmerah,2024,11,1405.70497784727,,,,,,,,,,,
kota_salatiga,bawangputih,2024,11,539.078069222411,,,,,,,,,,,
kota_salatiga,cabaibesar,2024,11,8642.48281249999,,,,,,,,,,,
kota_salatiga,cabairawit,2024,11,22510.6580886653,,,,,,,,,,,
kota_salatiga,dagingsapi,2024,11,20160.3818181818,,,,,,,,,,,
kota_salatiga,dagingayamras,2024,11,31053.6450946359,,,,,,,,,,,
kota_salatiga,telur,2024,11,7651.91676340047,,,,,,,,,,,
kota_salatiga,gulapasir,2024,11,31268.0470588235,,,,,,,,,,,
kota_salatiga,minyakgoreng,2024,11,1752.01563517915,,,,,,,,,,,
kota_semarang,beras,2024,11,20641.5379026521,,,,,,,,,,,
kota_semarang,jagung,2024,11,,,,,,,,,,,,
kota_semarang,kedelai,2024,11,0.0,,,,,,,,,,,
kota_semarang,bawangmerah,2024,11,0.0,,,,,,,,,,,
kota_semarang,bawangputih,2024,11,0.0,,,,,,,,,,,
kota_semarang,cabaibesar,2024,11,0.0,,,,,,,,,,,
kota_semarang,cabairawit,2024,11,0.0,,,,,,,,,,,
kota_semarang,dagingsapi,2024,11,0.0,,,,,,,,,,,
kota_semarang,dagingayamras,2024,11,0.0,,,,,,,,,,,
kota_semarang,telur,2024,11,2383.57300884955,,,,,,,,,,,
kota_semarang,gulapasir,2024,11,4712.35934664246,,,,,,,,,,,
kota_semarang,minyakgoreng,2024,11,8949.63391136801,,,,,,,,,,,
kota_tegal,beras,2024,11,678061.885272111,,,,,,,,,,,
kota_tegal,jagung,2024,11,306.0,,,,,,,,,,,
kota_tegal,kedelai,2024,11,19502.4375,,,,,,,,,,,
kota_tegal,bawangmerah,2024,11,43.0,,,,,,,,,,,
kota_tegal,bawangputih,2024,11,6242.52069536423,,,,,,,,,,,
kota_tegal,cabaibesar,2024,11,97.5,,,,,,,,,,,
kota_tegal,cabairawit,2024,11,48.3333333333333,,,,,,,,,,,
kota_tegal,dagingsapi,2024,11,19.375,,,,,,,,,,,
kota_tegal,dagingayamras,2024,11,2.63492063492063,,,,,,,,,,,
kota_tegal,telur,2024,11,1314.43298969072,,,,,,,,,,,
kota_tegal,gulapasir,2024,11,123492.775678461,,,,,,,,,,,
kota_tegal,minyakgoreng,2024,11,18424.4181602001,,,,,,,,,,,
kab_banjarnegara,beras,2024,12,34000.0,,,,,,,,,,,
kab_banjarnegara,jagung,2024,12,2020.0,,,,,,,,,,,
kab_banjarnegara,kedelai,2024,12,12000.0,,,,,,,,,,,
kab_banjarnegara,bawangmerah,2024,12,700.0,,,,,,,,,,,
kab_banjarnegara,bawangputih,2024,12,200.0,,,,,,,,,,,
kab_banjarnegara,cabaibesar,2024,12,,,,,,,,,,,,
kab_banjarnegara,cabairawit,2024,12,,,,,,,,,,,,
kab_banjarnegara,dagingsapi,2024,12,2220.0,,,,,,,,,,,
kab_banjarnegara,dagingayamras,2024,12,2140.0,,,,,,,,,,,
kab_banjarnegara,telur,2024,12,604.210526315789,,,,,,,,,,,
kab_banjarnegara,gulapasir,2024,12,6000.0,,,,,,,,,,,
kab_banjarnegara,minyakgoreng,2024,12,1770.0,,,,,,,,,,,
kab_banyumas,beras,2024,12,41351.4875239923,,,,,,,,,,,
kab_banyumas,jagung,2024,12,3000.0,,,,,,,,,,,
kab_banyumas,kedelai,2024,12,1250.0,,,,,,,,,,,
kab_banyumas,bawangmerah,2024,12,2396.35897435897,,,,,,,,,,,
kab_banyumas,bawangputih,2024,12,5365.26315789473,,,,,,,,,,,
kab_banyumas,cabaibesar,2024,12,-996.392727272727,,,,,,,,,,,
kab_banyumas,cabairawit,2024,12,1291.125,,,,,,,,,,,
kab_banyumas,dagingsapi,2024,12,141.714285714285,,,,,,,,,,,
kab_banyumas,dagingayamras,2024,12,49703.1629392971,,,,,,,,,,,
kab_banyumas,telur,2024,12,14969.370277078,,,,,,,,,,,
kab_banyumas,gulapasir,2024,12,18224.0034256351,,,,,,,,,,,
kab_banyumas,minyakgoreng,2024,12,1595.51491166077,,,,,,,,,,,
kab_batang,beras,2024,12,18619.0476190476,,,,,,,,,,,
kab_batang,jagung,2024,12,5294.74431818181,,,,,,,,,,,
kab_batang,kedelai,2024,12,57520.4044117647,,,,,,,,,,,
kab_batang,bawangmerah,2024,12,231.428571428571,,,,,,,,,,,
kab_batang,bawangputih,2024,12,303.84,,,,,,,,,,,
kab_batang,cabaibesar,2024,12,31.6666666666666,,,,,,,,,,,
kab_batang,cabairawit,2024,12,45.0,,,,,,,,,,,
kab_batang,dagingsapi,2024,12,276.878980891719,,,,,,,,,,,
kab_batang,dagingayamras,2024,12,248.823529411764,,,,,,,,,,,
kab_batang,telur,2024,12,1529.97402597402,,,,,,,,,,,
kab_batang,gulapasir,2024,12,2710.58823529411,,,,,,,,,,,
kab_batang,minyakgoreng,2024,12,7058.9192139738,,,,,,,,,,,
kab_blora,beras,2024,12,494589.330069706,,,,,,,,,,,
kab_blora,jagung,2024,12,5944955.47714943,,,,,,,,,,,
kab_blora,kedelai,2024,12,20592.7052968361,,,,,,,,,,,
kab_blora,bawangmerah,2024,12,257.024,,,,,,,,,,,
kab_blora,bawangputih,2024,12,295.0,,,,,,,,,,,
kab_blora,cabaibesar,2024,12,262.290598290598,,,,,,,,,,,
kab_blora,cabairawit,2024,12,345.0,,,,,,,,,,,
kab_blora,dagingsapi,2024,12,10892.5962609879,,,,,,,,,,,
kab_blora,dagingayamras,2024,12,0.0,,,,,,,,,,,
kab_blora,telur,2024,12,4430.84295895797,,,,,,,,,,,
kab_blora,gulapasir,2024,12,42328.7656986611,,,,,,,,,,,
kab_blora,minyakgoreng,2024,12,104727.525491795,,,,,,,,,,,
kab_boyolali,beras,2024,12,50697.7777777777,,,,,,,,,,,
kab_boyolali,jagung,2024,12,15000.0,,,,,,,,,,,
kab_boyolali,kedelai,2024,12,11961.5066225165,,,,,,,,,,,
kab_boyolali,bawangmerah,2024,12,692.994791666666,,,,,,,,,,,
kab_boyolali,bawangputih,2024,12,363.999999999999,,,,,,,,,,,
kab_boyolali,cabaibesar,2024,12,592.192771084337,,,,,,,,,,,
kab_boyolali,cabairawit,2024,12,3152.08189655172,,,,,,,,,,,
kab_boyolali,dagingsapi,2024,12,2933.4375,,,,,,,,,,,
kab_boyolali,dagingayamras,2024,12,675324.843596082,,,,,,,,,,,
kab_boyolali,telur,2024,12,5900.65116279069,,,,,,,,,,,
kab_boyolali,gulapasir,2024,12,2035.39094650205,,,,,,,,,,,
kab_boyolali,minyakgoreng,2024,12,7587.94998179832,,,,,,,,,,,
kab_brebes,beras,2024,12,68166.6923076923,,,,,,,,,,,
kab_brebes,jagung,2024,12,96010.7482993197,,,,,,,,,,,
kab_brebes,kedelai,2024,12,9200.0,,,,,,,,,,,
kab_brebes,bawangmerah,2024,12,52056.3867249602,,,,,,,,,,,
kab_brebes,bawangputih,2024,12,2158.5,,,,,,,,,,,
kab_brebes,cabaibesar,2024,12,1005.09999999999,,,,,,,,,,,
kab_brebes,cabairawit,2024,12,644.111111111111,,,,,,,,,,,
kab_brebes,dagingsapi,2024,12,693.243243243243,,,,,,,,,,,
kab_brebes,dagingayamras,2024,12,2659.27272727272,,,,,,,,,,,
kab_brebes,telur,2024,12,5064.44444444444,,,,,,,,,,,
kab_brebes,gulapasir,2024,12,998.75,,,,,,,,,,,
kab_brebes,minyakgoreng,2024,12,2071.62,,,,,,,,,,,
kab_cilacap,beras,2024,12,351100.832266325,,,,,,,,,,,
kab_cilacap,jagung,2024,12,0.0,,,,,,,,,,,
kab_cilacap,kedelai,2024,12,5120.32608695652,,,,,,,,,,,
kab_cilacap,bawangmerah,2024,12,985.157647058823,,,,,,,,,,,
kab_cilacap,bawangputih,2024,12,8807.77595907928,,,,,,,,,,,
kab_cilacap,cabaibesar,2024,12,565.505769230769,,,,,,,,,,,
kab_cilacap,cabairawit,2024,12,428.021052631578,,,,,,,,,,,
kab_cilacap,dagingsapi,2024,12,535.0,,,,,,,,,,,
kab_cilacap,dagingayamras,2024,12,970.0,,,,,,,,,,,
kab_cilacap,telur,2024,12,0.0,,,,,,,,,,,
kab_cilacap,gulapasir,2024,12,4615.28260869565,,,,,,,,,,,
kab_cilacap,minyakgoreng,2024,12,46959.503117063,,,,,,,,,,,
kab_demak,beras,2024,12,1034078.19791355,,,,,,,,,,,
kab_demak,jagung,2024,12,109107.213114754,,,,,,,,,,,
kab_demak,kedelai,2024,12,0.0,,,,,,,,,,,
kab_demak,bawangmerah,2024,12,9690.625,,,,,,,,,,,
kab_demak,bawangputih,2024,12,2095.0,,,,,,,,,,,
kab_demak,cabaibesar,2024,12,14851.2857142857,,,,,,,,,,,
kab_demak,cabairawit,2024,12,,,,,,,,,,,,
kab_demak,dagingsapi,2024,12,0.0,,,,,,,,,,,
kab_demak,dagingayamras,2024,12,909920.0,,,,,,,,,,,
kab_demak,telur,2024,12,9765.43209876543,,,,,,,,,,,
kab_demak,gulapasir,2024,12,9040.50314465408,,,,,,,,,,,
kab_demak,minyakgoreng,2024,12,31418.3431952662,,,,,,,,,,,
kab_grobogan,beras,2024,12,120495.074831078,,,,,,,,,,,
kab_grobogan,jagung,2024,12,79275.0,,,,,,,,,,,
kab_grobogan,kedelai,2024,12,11590.4048614039,,,,,,,,,,,
kab_grobogan,bawangmerah,2024,12,8569.81414634146,,,,,,,,,,,
kab_grobogan,bawangputih,2024,12,2634.02564102564,,,,,,,,,,,
kab_grobogan,cabaibesar,2024,12,1848.94642857142,,,,,,,,,,,
kab_grobogan,cabairawit,2024,12,591.045669291338,,,,,,,,,,,
kab_grobogan,dagingsapi,2024,12,,,,,,,,,,,,
kab_grobogan,dagingayamras,2024,12,787.8,,,,,,,,,,,
kab_grobogan,telur,2024,12,869.14696485623,,,,,,,,,,,
kab_grobogan,gulapasir,2024,12,48902.0781029619,,,,,,,,,,,
kab_grobogan,minyakgoreng,2024,12,53767.1770594929,,,,,,,,,,,
kab_jepara,beras,2024,12,152524.58692098,,,,,,,,,,,
kab_jepara,jagung,2024,12,25078.0062111801,,,,,,,,,,,
kab_jepara,kedelai,2024,12,21120.9543568464,,,,,,,,,,,
kab_jepara,bawangmerah,2024,12,12.3880597014925,,,,,,,,,,,
kab_jepara,bawangputih,2024,12,12.2033898305084,,,,,,,,,,,
kab_jepara,cabaibesar,2024,12,5.77777777777777,,,,,,,,,,,
kab_jepara,cabairawit,2024,12,6.6,,,,,,,,,,,
kab_jepara,dagingsapi,2024,12,327.35294117647,,,,,,,,,,,
kab_jepara,dagingayamras,2024,12,574.75,,,,,,,,,,,
kab_jepara,telur,2024,12,2355.61797752809,,,,,,,,,,,
kab_jepara,gulapasir,2024,12,6098.23204419889,,,,,,,,,,,
kab_jepara,minyakgoreng,2024,12,7719.71538461538,,,,,,,,,,,
kab_karanganyar,beras,2024,12,34369.1919191919,,,,,,,,,,,
kab_karanganyar,jagung,2024,12,60009.9999999999,,,,,,,,,,,
kab_karanganyar,kedelai,2024,12,225030.0,,,,,,,,,,,
kab_karanganyar,bawangmerah,2024,12,375.100671140939,,,,,,,,,,,
kab_karanganyar,bawangputih,2024,12,787.5,,,,,,,,,,,
kab_karanganyar,cabaibesar,2024,12,90.0,,,,,,,,,,,
kab_karanganyar,cabairawit,2024,12,100.0,,,,,,,,,,,
kab_karanganyar,dagingsapi,2024,12,50.0,,,,,,,,,,,
kab_karanganyar,dagingayamras,2024,12,500.0,,,,,,,,,,,
kab_karanganyar,telur,2024,12,27677.4251497005,,,,,,,,,,,
kab_karanganyar,gulapasir,2024,12,1815.40229885057,,,,,,,,,,,
kab_karanganyar,minyakgoreng,2024,12,617.777777777777,,,,,,,,,,,
kab_kebumen,beras,2024,12,174851.503724525,,,,,,,,,,,
kab_kebumen,jagung,2024,12,300.598802395209,,,,,,,,,,,
kab_kebumen,kedelai,2024,12,51812.7130681818,,,,,,,,,,,
kab_kebumen,bawangmerah,2024,12,1415.11111111111,,,,,,,,,,,
kab_kebumen,bawangputih,2024,12,1729.78723404255,,,,,,,,,,,
kab_kebumen,cabaibesar,2024,12,203.65625,,,,,,,,,,,
kab_kebumen,cabairawit,2024,12,466.631578947368,,,,,,,,,,,
kab_kebumen,dagingsapi,2024,12,50.4,,,,,,,,,,,
kab_kebumen,dagingayamras,2024,12,5431.5,,,,,,,,,,,
kab_kebumen,telur,2024,12,13193.9189189189,,,,,,,,,,,
kab_kebumen,gulapasir,2024,12,41793.0568720379,,,,,,,,,,,
kab_kebumen,minyakgoreng,2024,12,182739.989477678,,,,,,,,,,,
kab_kendal,beras,2024,12,56250.0,,,,,,,,,,,
kab_kendal,jagung,2024,12,40225.4347826086,,,,,,,,,,,
kab_kendal,kedelai,2024,12,5350.0,,,,,,,,,,,
kab_kendal,bawangmerah,2024,12,11049.6657633243,,,,,,,,,,,
kab_kendal,bawangputih,2024,12,13894.6153846153,,,,,,,,,,,
kab_kendal,cabaibesar,2024,12,545.0,,,,,,,,,,,
kab_kendal,cabairawit,2024,12,687.692307692307,,,,,,,,,,,
kab_kendal,dagingsapi,2024,12,0.0,,,,,,,,,,,
kab_kendal,dagingayamras,2024,12,0.0,,,,,,,,,,,
kab_kendal,telur,2024,12,11621.3461538461,,,,,,,,,,,
kab_kendal,gulapasir,2024,12,1989.5652173913,,,,,,,,,,,
kab_kendal,minyakgoreng,2024,12,7512.81323087203,,,,,,,,,,,
kab_klaten,beras,2024,12,862301.565535443,,,,,,,,,,,
kab_klaten,jagung,2024,12,1350.0,,,,,,,,,,,
kab_klaten,kedelai,2024,12,4063.2,,,,,,,,,,,
kab_klaten,bawangmerah,2024,12,1140.0,,,,,,,,,,,
kab_klaten,bawangputih,2024,12,593.0,,,,,,,,,,,
kab_klaten,cabaibesar,2024,12,159.25,,,,,,,,,,,
kab_klaten,cabairawit,2024,12,608.052631578947,,,,,,,,,,,
kab_klaten,dagingsapi,2024,12,246.045918367346,,,,,,,,,,,
kab_klaten,dagingayamras,2024,12,121.0,,,,,,,,,,,
kab_klaten,telur,2024,12,9677.26358148893,,,,,,,,,,,
kab_klaten,gulapasir,2024,12,617.5,,,,,,,,,,,
kab_klaten,minyakgoreng,2024,12,1546.11111111111,,,,,,,,,,,
kab_kudus,beras,2024,12,1033954.2314335,,,,,,,,,,,
kab_kudus,jagung,2024,12,273681.818181818,,,,,,,,,,,
kab_kudus,kedelai,2024,12,487000.0,,,,,,,,,,,
kab_kudus,bawangmerah,2024,12,29600.0,,,,,,,,,,,
kab_kudus,bawangputih,2024,12,44000.0,,,,,,,,,,,
kab_kudus,cabaibesar,2024,12,200.0,,,,,,,,,,,
kab_kudus,cabairawit,2024,12,2632.0,,,,,,,,,,,
kab_kudus,dagingsapi,2024,12,18379.2549019607,,,,,,,,,,,
kab_kudus,dagingayamras,2024,12,1895.38461538461,,,,,,,,,,,
kab_kudus,telur,2024,12,1930.18867924528,,,,,,,,,,,
kab_kudus,gulapasir,2024,12,233013.513513513,,,,,,,,,,,
kab_kudus,minyakgoreng,2024,12,234056.002762777,,,,,,,,,,,
kab_magelang,beras,2024,12,73423.198051948,,,,,,,,,,,
kab_magelang,jagung,2024,12,4700.0,,,,,,,,,,,
kab_magelang,kedelai,2024,12,10016.6666666666,,,,,,,,,,,
kab_magelang,bawangmerah,2024,12,34272.0,,,,,,,,,,,
kab_magelang,bawangputih,2024,12,2206.15384615384,,,,,,,,,,,
kab_magelang,cabaibesar,2024,12,14645.9307432432,,,,,,,,,,,
kab_magelang,cabairawit,2024,12,6470.47877145438,,,,,,,,,,,
kab_magelang,dagingsapi,2024,12,0.0,,,,,,,,,,,
kab_magelang,dagingayamras,2024,12,1272.0,,,,,,,,,,,
kab_magelang,telur,2024,12,1610.35714285714,,,,,,,,,,,
kab_magelang,gulapasir,2024,12,72000.0,,,,,,,,,,,
kab_magelang,minyakgoreng,2024,12,37305.1428571428,,,,,,,,,,,
kab_pati,beras,2024,12,189767.711474369,,,,,,,,,,,
kab_pati,jagung,2024,12,566.495148485739,,,,,,,,,,,
kab_pati,kedelai,2024,12,29531.6391565047,,,,,,,,,,,
kab_pati,bawangmerah,2024,12,38780.0149420993,,,,,,,,,,,
kab_pati,bawangputih,2024,12,29099.608372093,,,,,,,,,,,
kab_pati,cabaibesar,2024,12,430651.470881863,,,,,,,,,,,
kab_pati,cabairawit,2024,12,59877.5733333333,,,,,,,,,,,
kab_pati,dagingsapi,2024,12,43973.4375,,,,,,,,,,,
kab_pati,dagingayamras,2024,12,708.75,,,,,,,,,,,
kab_pati,telur,2024,12,13703.5913978494,,,,,,,,,,,
kab_pati,gulapasir,2024,12,818.577008702691,,,,,,,,,,,
kab_pati,minyakgoreng,2024,12,125270.334447781,,,,,,,,,,,
kab_pekalongan,beras,2024,12,103642.82674772,,,,,,,,,,,
kab_pekalongan,jagung,2024,12,935.0,,,,,,,,,,,
kab_pekalongan,kedelai,2024,12,89265.7142857142,,,,,,,,,,,
kab_pekalongan,bawangmerah,2024,12,2840.01987577639,,,,,,,,,,,
kab_pekalongan,bawangputih,2024,12,27502.604,,,,,,,,,,,
kab_pekalongan,cabaibesar,2024,12,109.0375,,,,,,,,,,,
kab_pekalongan,cabairawit,2024,12,224.325,,,,,,,,,,,
kab_pekalongan,dagingsapi,2024,12,3355.15384615384,,,,,,,,,,,
kab_pekalongan,dagingayamras,2024,12,2991.07659574468,,,,,,,,,,,
kab_pekalongan,telur,2024,12,3530.87824351297,,,,,,,,,,,
kab_pekalongan,gulapasir,2024,12,60625.1497005988,,,,,,,,,,,
kab_pekalongan,minyakgoreng,2024,12,235898.722550681,,,,,,,,,,,
kab_pemalang,beras,2024,12,27275.0,,,,,,,,,,,
kab_pemalang,jagung,2024,12,146722.199999999,,,,,,,,,,,
kab_pemalang,kedelai,2024,12,9433.17647058823,,,,,,,,,,,
kab_pemalang,bawangmerah,2024,12,130.799999999999,,,,,,,,,,,
kab_pemalang,bawangputih,2024,12,1573.30179282868,,,,,,,,,,,
kab_pemalang,cabaibesar,2024,12,21254.1428571428,,,,,,,,,,,
kab_pemalang,cabairawit,2024,12,300.0,,,,,,,,,,,
kab_pemalang,dagingsapi,2024,12,,,,,,,,,,,,
kab_pemalang,dagingayamras,2024,12,,,,,,,,,,,,
kab_pemalang,telur,2024,12,5947.16814650388,,,,,,,,,,,
kab_pemalang,gulapasir,2024,12,73.4999999999999,,,,,,,,,,,
kab_pemalang,minyakgoreng,2024,12,370.0,,,,,,,,,,,
kab_purbalingga,beras,2024,12,16811.2739010989,,,,,,,,,,,
kab_purbalingga,jagung,2024,12,10952.5974025974,,,,,,,,,,,
kab_purbalingga,kedelai,2024,12,911.026103151862,,,,,,,,,,,
kab_purbalingga,bawangmerah,2024,12,566.0,,,,,,,,,,,
kab_purbalingga,bawangputih,2024,12,897.6,,,,,,,,,,,
kab_purbalingga,cabaibesar,2024,12,4452.10714285714,,,,,,,,,,,
kab_purbalingga,cabairawit,2024,12,1867.17307692307,,,,,,,,,,,
kab_purbalingga,dagingsapi,2024,12,2584.0,,,,,,,,,,,
kab_purbalingga,dagingayamras,2024,12,3623.5294117647,,,,,,,,,,,
kab_purbalingga,telur,2024,12,12415.5949367088,,,,,,,,,,,
kab_purbalingga,gulapasir,2024,12,1013.28740697439,,,,,,,,,,,
kab_purbalingga,minyakgoreng,2024,12,497122.405400248,,,,,,,,,,,
kab_purworejo,beras,2024,12,391181.494067796,,,,,,,,,,,
kab_purworejo,jagung,2024,12,5530.31111111111,,,,,,,,,,,
kab_purworejo,kedelai,2024,12,45015.0,,,,,,,,,,,
kab_purworejo,bawangmerah,2024,12,2344.53519417475,,,,,,,,,,,
kab_purworejo,bawangputih,2024,12,3756.63888888888,,,,,,,,,,,
kab_purworejo,cabaibesar,2024,12,92016.0,,,,,,,,,,,
kab_purworejo,cabairawit,2024,12,2195.61904761904,,,,,,,,,,,
kab_purworejo,dagingsapi,2024,12,285.0,,,,,,,,,,,
kab_purworejo,dagingayamras,2024,12,3229.99999999999,,,,,,,,,,,
kab_purworejo,telur,2024,12,10425.5384615384,,,,,,,,,,,
kab_purworejo,gulapasir,2024,12,3329.30049751243,,,,,,,,,,,
kab_purworejo,minyakgoreng,2024,12,51797.5719471091,,,,,,,,,,,
kab_rembang,beras,2024,12,483254.53474239,,,,,,,,,,,
kab_rembang,jagung,2024,12,42986.0111111111,,,,,,,,,,,
kab_rembang,kedelai,2024,12,24234.7371428571,,,,,,,,,,,
kab_rembang,bawangmerah,2024,12,1211.58260869565,,,,,,,,,,,
kab_rembang,bawangputih,2024,12,3916.03524229074,,,,,,,,,,,
kab_rembang,cabaibesar,2024,12,662.313799621928,,,,,,,,,,,
kab_rembang,cabairawit,2024,12,1265.12432432432,,,,,,,,,,,
kab_rembang,dagingsapi,2024,12,754.449999999999,,,,,,,,,,,
kab_rembang,dagingayamras,2024,12,5847.10857142857,,,,,,,,,,,
kab_rembang,telur,2024,12,1688.61818181818,,,,,,,,,,,
kab_rembang,gulapasir,2024,12,148193.79866047,,,,,,,,,,,
kab_rembang,minyakgoreng,2024,12,17601.758633643,,,,,,,,,,,
kab_sragen,beras,2024,12,2507895.88696344,,,,,,,,,,,
kab_sragen,jagung,2024,12,,,,,,,,,,,,
kab_sragen,kedelai,2024,12,227375.0,,,,,,,,,,,
kab_sragen,bawangmerah,2024,12,201.882352941176,,,,,,,,,,,
kab_sragen,bawangputih,2024,12,642.307692307692,,,,,,,,,,,
kab_sragen,cabaibesar,2024,12,6708.0,,,,,,,,,,,
kab_sragen,cabairawit,2024,12,119891.2,,,,,,,,,,,
kab_sragen,dagingsapi,2024,12,1950.0,,,,,,,,,,,
kab_sragen,dagingayamras,2024,12,1905.26315789473,,,,,,,,,,,
kab_sragen,telur,2024,12,143740.460829493,,,,,,,,,,,
kab_sragen,gulapasir,2024,12,73686.7753677155,,,,,,,,,,,
kab_sragen,minyakgoreng,2024,12,1130288.68470736,,,,,,,,,,,
kab_semarang,beras,2024,12,46156.4957364341,,,,,,,,,,,
kab_semarang,jagung,2024,12,26888.3571428571,,,,,,,,,,,
kab_semarang,kedelai,2024,12,52877.7904761904,,,,,,,,,,,
kab_semarang,bawangmerah,2024,12,8130.83333333333,,,,,,,,,,,
kab_semarang,bawangputih,2024,12,13989.6249999999,,,,,,,,,,,
kab_semarang,cabaibesar,2024,12,2105.91367924528,,,,,,,,,,,
kab_semarang,cabairawit,2024,12,2258.16875,,,,,,,,,,,
kab_semarang,dagingsapi,2024,12,3119.69696969696,,,,,,,,,,,
kab_semarang,dagingayamras,2024,12,25619.55,,,,,,,,,,,
kab_semarang,telur,2024,12,68103.0,,,,,,,,,,,
kab_semarang,gulapasir,2024,12,15172.5,,,,,,,,,,,
kab_semarang,minyakgoreng,2024,12,10698.6267605633,,,,,,,,,,,
kab_sukoharjo,beras,2024,12,1189076.48888888,,,,,,,,,,,
kab_sukoharjo,jagung,2024,12,1500.0,,,,,,,,,,,
kab_sukoharjo,kedelai,2024,12,14527.0588235294,,,,,,,,,,,
kab_sukoharjo,bawangmerah,2024,12,234.0,,,,,,,,,,,
kab_sukoharjo,bawangputih,2024,12,259.566666666666,,,,,,,,,,,
kab_sukoharjo,cabaibesar,2024,12,423.0,,,,,,,,,,,
kab_sukoharjo,cabairawit,2024,12,458.999999999999,,,,,,,,,,,
kab_sukoharjo,dagingsapi,2024,12,6924.04458598726,,,,,,,,,,,
kab_sukoharjo,dagingayamras,2024,12,127197.428016823,,,,,,,,,,,
kab_sukoharjo,telur,2024,12,2946.5815324165,,,,,,,,,,,
kab_sukoharjo,gulapasir,2024,12,57376.4671232876,,,,,,,,,,,
kab_sukoharjo,minyakgoreng,2024,12,150836.228356017,,,,,,,,,,,
kab_temanggung,beras,2024,12,281268.376068376,,,,,,,,,,,
kab_temanggung,jagung,2024,12,4450.0,,,,,,,,,,,
kab_temanggung,kedelai,2024,12,62700.0,,,,,,,,,,,
kab_temanggung,bawangmerah,2024,12,9054.02072027627,,,,,,,,,,,
kab_temanggung,bawangputih,2024,12,15338.8460710441,,,,,,,,,,,
kab_temanggung,cabaibesar,2024,12,4974.41176470588,,,,,,,,,,,
kab_temanggung,cabairawit,2024,12,4325.44826254826,,,,,,,,,,,
kab_temanggung,dagingsapi,2024,12,6451.35135135135,,,,,,,,,,,
kab_temanggung,dagingayamras,2024,12,2207.61904761904,,,,,,,,,,,
kab_temanggung,telur,2024,12,2817.34577603143,,,,,,,,,,,
kab_temanggung,gulapasir,2024,12,9614.82142857143,,,,,,,,,,,
kab_temanggung,minyakgoreng,2024,12,14501.9057000262,,,,,,,,,,,
kab_tegal,beras,2024,12,3843024.08702648,,,,,,,,,,,
kab_tegal,jagung,2024,12,50006.8965517241,,,,,,,,,,,
kab_tegal,kedelai,2024,12,23885.6453900709,,,,,,,,,,,
kab_tegal,bawangmerah,2024,12,4041.45454545454,,,,,,,,,,,
kab_tegal,bawangputih,2024,12,33336.2059055623,,,,,,,,,,,
kab_tegal,cabaibesar,2024,12,201.375,,,,,,,,,,,
kab_tegal,cabairawit,2024,12,133.941176470588,,,,,,,,,,,
kab_tegal,dagingsapi,2024,12,307.5,,,,,,,,,,,
kab_tegal,dagingayamras,2024,12,175532.857142857,,,,,,,,,,,
kab_tegal,telur,2024,12,28936.4229249011,,,,,,,,,,,
kab_tegal,gulapasir,2024,12,370239.43258188,,,,,,,,,,,
kab_tegal,minyakgoreng,2024,12,814994.409757012,,,,,,,,,,,
kab_wonogiri,beras,2024,12,113930.46875,,,,,,,,,,,
kab_wonogiri,jagung,2024,12,150.0,,,,,,,,,,,
kab_wonogiri,kedelai,2024,12,28800.0,,,,,,,,,,,
kab_wonogiri,bawangmerah,2024,12,42595.9722222222,,,,,,,,,,,
kab_wonogiri,bawangputih,2024,12,23335.8,,,,,,,,,,,
kab_wonogiri,cabaibesar,2024,12,531.875,,,,,,,,,,,
kab_wonogiri,cabairawit,2024,12,215.999999999999,,,,,,,,,,,
kab_wonogiri,dagingsapi,2024,12,840.0,,,,,,,,,,,
kab_wonogiri,dagingayamras,2024,12,-2007.59259259259,,,,,,,,,,,
kab_wonogiri,telur,2024,12,601.25,,,,,,,,,,,
kab_wonogiri,gulapasir,2024,12,197894.075757575,,,,,,,,,,,
kab_wonogiri,minyakgoreng,2024,12,245840.374468085,,,,,,,,,,,
kab_wonosobo,beras,2024,12,75214.0932497402,,,,,,,,,,,
kab_wonosobo,jagung,2024,12,1050.0,,,,,,,,,,,
kab_wonosobo,kedelai,2024,12,20000.0,,,,,,,,,,,
kab_wonosobo,bawangmerah,2024,12,410.492682926829,,,,,,,,,,,
kab_wonosobo,bawangputih,2024,12,340.878048780487,,,,,,,,,,,
kab_wonosobo,cabaibesar,2024,12,0.0,,,,,,,,,,,
kab_wonosobo,cabairawit,2024,12,3558.33333333333,,,,,,,,,,,
kab_wonosobo,dagingsapi,2024,12,0.0,,,,,,,,,,,
kab_wonosobo,dagingayamras,2024,12,3127.27272727272,,,,,,,,,,,
kab_wonosobo,telur,2024,12,822.828947368421,,,,,,,,,,,
kab_wonosobo,gulapasir,2024,12,21785.5723098012,,,,,,,,,,,
kab_wonosobo,minyakgoreng,2024,12,20311.5,,,,,,,,,,,
kota_magelang,beras,2024,12,43786.329113924,,,,,,,,,,,
kota_magelang,jagung,2024,12,501.25,,,,,,,,,,,
kota_magelang,kedelai,2024,12,9708.73,,,,,,,,,,,
kota_magelang,bawangmerah,2024,12,1182.0,,,,,,,,,,,
kota_magelang,bawangputih,2024,12,1222.0,,,,,,,,,,,
kota_magelang,cabaibesar,2024,12,706.0,,,,,,,,,,,
kota_magelang,cabairawit,2024,12,456.0,,,,,,,,,,,
kota_magelang,dagingsapi,2024,12,193.230769230769,,,,,,,,,,,
kota_magelang,dagingayamras,2024,12,5139.0,,,,,,,,,,,
kota_magelang,telur,2024,12,147.2,,,,,,,,,,,
kota_magelang,gulapasir,2024,12,25039.3740188383,,,,,,,,,,,
kota_magelang,minyakgoreng,2024,12,9477.98447058823,,,,,,,,,,,
kota_pekalongan,beras,2024,12,42693.9018261015,,,,,,,,,,,
kota_pekalongan,jagung,2024,12,,,,,,,,,,,,
kota_pekalongan,kedelai,2024,12,-10200.0,,,,,,,,,,,
kota_pekalongan,bawangmerah,2024,12,4240.0,,,,,,,,,,,
kota_pekalongan,bawangputih,2024,12,75.0,,,,,,,,,,,
kota_pekalongan,cabaibesar,2024,12,60.0,,,,,,,,,,,
kota_pekalongan,cabairawit,2024,12,335.0,,,,,,,,,,,
kota_pekalongan,dagingsapi,2024,12,0.0,,,,,,,,,,,
kota_pekalongan,dagingayamras,2024,12,0.0,,,,,,,,,,,
kota_pekalongan,telur,2024,12,1406.0,,,,,,,,,,,
kota_pekalongan,gulapasir,2024,12,37975.3846153846,,,,,,,,,,,
kota_pekalongan,minyakgoreng,2024,12,9232.58817533129,,,,,,,,,,,
kota_surakarta,beras,2024,12,239504.042853877,,,,,,,,,,,
kota_surakarta,jagung,2024,12,11315.2,,,,,,,,,,,
kota_surakarta,kedelai,2024,12,245723.823475409,,,,,,,,,,,
kota_surakarta,bawangmerah,2024,12,0.0,,,,,,,,,,,
kota_surakarta,bawangputih,2024,12,68504.4767427513,,,,,,,,,,,
kota_surakarta,cabaibesar,2024,12,21350.0,,,,,,,,,,,
kota_surakarta,cabairawit,2024,12,20799.9999999999,,,,,,,,,,,
kota_surakarta,dagingsapi,2024,12,44607.4434782608,,,,,,,,,,,
kota_surakarta,dagingayamras,2024,12,19797.6,,,,,,,,,,,
kota_surakarta,telur,2024,12,105087.19620853,,,,,,,,,,,
kota_surakarta,gulapasir,2024,12,89261.4456654456,,,,,,,,,,,
kota_surakarta,minyakgoreng,2024,12,165363.506809728,,,,,,,,,,,
kota_salatiga,beras,2024,12,0.0,,,,,,,,,,,
kota_salatiga,jagung,2024,12,0.0,,,,,,,,,,,
kota_salatiga,kedelai,2024,12,0.0,,,,,,,,,,,
kota_salatiga,bawangmerah,2024,12,0.0,,,,,,,,,,,
kota_salatiga,bawangputih,2024,12,0.0,,,,,,,,,,,
kota_salatiga,cabaibesar,2024,12,0.0,,,,,,,,,,,
kota_salatiga,cabairawit,2024,12,0.0,,,,,,,,,,,
kota_salatiga,dagingsapi,2024,12,0.0,,,,,,,,,,,
kota_salatiga,dagingayamras,2024,12,0.0,,,,,,,,,,,
kota_salatiga,telur,2024,12,0.0,,,,,,,,,,,
kota_salatiga,gulapasir,2024,12,0.0,,,,,,,,,,,
kota_salatiga,minyakgoreng,2024,12,0.0,,,,,,,,,,,
kota_semarang,beras,2024,12,20641.5379026521,,,,,,,,,,,
kota_semarang,jagung,2024,12,,,,,,,,,,,,
kota_semarang,kedelai,2024,12,0.0,,,,,,,,,,,
kota_semarang,bawangmerah,2024,12,0.0,,,,,,,,,,,
kota_semarang,bawangputih,2024,12,0.0,,,,,,,,,,,
kota_semarang,cabaibesar,2024,12,0.0,,,,,,,,,,,
kota_semarang,cabairawit,2024,12,0.0,,,,,,,,,,,
kota_semarang,dagingsapi,2024,12,0.0,,,,,,,,,,,
kota_semarang,dagingayamras,2024,12,0.0,,,,,,,,,,,
kota_semarang,telur,2024,12,2383.57300884955,,,,,,,,,,,
kota_semarang,gulapasir,2024,12,4712.35934664246,,,,,,,,,,,
kota_semarang,minyakgoreng,2024,12,8949.63391136801,,,,,,,,,,,
kota_tegal,beras,2024,12,485148.775340538,,,,,,,,,,,
kota_tegal,jagung,2024,12,38.25,,,,,,,,,,,
kota_tegal,kedelai,2024,12,9501.1875,,,,,,,,,,,
kota_tegal,bawangmerah,2024,12,21.5,,,,,,,,,,,
kota_tegal,bawangputih,2024,12,1208.39155629139,,,,,,,,,,,
kota_tegal,cabaibesar,2024,12,65.0,,,,,,,,,,,
kota_tegal,cabairawit,2024,12,72.5,,,,,,,,,,,
kota_tegal,dagingsapi,2024,12,0.0,,,,,,,,,,,
kota_tegal,dagingayamras,2024,12,1.31746031746031,,,,,,,,,,,
kota_tegal,telur,2024,12,628.865979381443,,,,,,,,,,,
kota_tegal,gulapasir,2024,12,1354513.15561662,,,,,,,,,,,
kota_tegal,minyakgoreng,2024,12,290271.097377557,,,,,,,,,,,
